Entity,Code,Year,san_sm_number_without
Albania,ALB,2000,1870118
Albania,ALB,2001,1861518
Albania,ALB,2002,1850444
Albania,ALB,2003,1836933
Albania,ALB,2004,1820842
Albania,ALB,2005,1794188
Albania,ALB,2006,1764569
Albania,ALB,2007,1732679
Albania,ALB,2008,1700259
Albania,ALB,2009,1669547
Albania,ALB,2010,1642153
Albania,ALB,2011,1618533
Albania,ALB,2012,1598238
Albania,ALB,2013,1580777
Albania,ALB,2014,1565336
Albania,ALB,2015,1551257
Albania,ALB,2016,1538498
Albania,ALB,2017,1527101
Albania,ALB,2018,1516496
Albania,ALB,2019,1510257
Albania,ALB,2020,1505346
Algeria,DZA,2000,24363588
Algeria,DZA,2001,24736028
Algeria,DZA,2002,25105663
Algeria,DZA,2003,25481235
Algeria,DZA,2004,25873456
Algeria,DZA,2005,26290821
Algeria,DZA,2006,26736817
Algeria,DZA,2007,27212347
Algeria,DZA,2008,27720009
Algeria,DZA,2009,28261320
Algeria,DZA,2010,28837081
Algeria,DZA,2011,29447533
Algeria,DZA,2012,30114445
Algeria,DZA,2013,30811822
Algeria,DZA,2014,31534666
Algeria,DZA,2015,32277772
Algeria,DZA,2016,33039871
Algeria,DZA,2017,33817201
Algeria,DZA,2018,34599262
Algeria,DZA,2019,35372793
Algeria,DZA,2020,36127739
Andorra,AND,2000,55840
Andorra,AND,2001,52671
Andorra,AND,2002,49753
Andorra,AND,2003,46720
Andorra,AND,2004,43201
Andorra,AND,2005,39020
Andorra,AND,2006,34251
Andorra,AND,2007,29024
Andorra,AND,2008,23413
Andorra,AND,2009,17512
Andorra,AND,2010,11443
Andorra,AND,2011,5331
Andorra,AND,2012,0
Andorra,AND,2013,0
Andorra,AND,2014,0
Andorra,AND,2015,0
Andorra,AND,2016,0
Andorra,AND,2017,0
Andorra,AND,2018,0
Andorra,AND,2019,0
Andorra,AND,2020,0
Argentina,ARG,2000,19230104
Argentina,ARG,2001,19363208
Argentina,ARG,2002,19495008
Argentina,ARG,2003,19624845
Argentina,ARG,2004,19751609
Argentina,ARG,2005,19874753
Argentina,ARG,2006,19993827
Argentina,ARG,2007,20109632
Argentina,ARG,2008,20224141
Argentina,ARG,2009,20340050
Argentina,ARG,2010,20459096
Argentina,ARG,2011,20582292
Argentina,ARG,2012,20708499
Argentina,ARG,2013,20837139
Argentina,ARG,2014,20963790
Argentina,ARG,2015,21086441
Argentina,ARG,2016,21204483
Armenia,ARM,2000,1649480
Armenia,ARM,2001,1636635
Armenia,ARM,2002,1625264
Armenia,ARM,2003,1614384
Armenia,ARM,2004,1602919
Armenia,ARM,2005,1590291
Armenia,ARM,2006,1535439
Armenia,ARM,2007,1480323
Armenia,ARM,2008,1425734
Armenia,ARM,2009,1373932
Armenia,ARM,2010,1326191
Armenia,ARM,2011,1282691
Armenia,ARM,2012,1242326
Armenia,ARM,2013,1203535
Armenia,ARM,2014,1164350
Armenia,ARM,2015,1123477
Armenia,ARM,2016,1082360
Armenia,ARM,2017,1042020
Armenia,ARM,2018,1000371
Armenia,ARM,2019,953489
Armenia,ARM,2020,908851
Australia,AUS,2000,7826580
Australia,AUS,2001,7910338
Australia,AUS,2002,7995517
Australia,AUS,2003,8087334
Australia,AUS,2004,8192625
Australia,AUS,2005,8120692
Australia,AUS,2006,8062173
Australia,AUS,2007,8013127
Australia,AUS,2008,7966215
Australia,AUS,2009,7912208
Australia,AUS,2010,7844893
Australia,AUS,2011,7762701
Australia,AUS,2012,7667282
Australia,AUS,2013,7559915
Australia,AUS,2014,7442780
Australia,AUS,2015,7317378
Australia,AUS,2016,7183741
Australia,AUS,2017,7041341
Australia,AUS,2018,6890397
Australia,AUS,2019,6731124
Australia,AUS,2020,6563798
Australia and New Zealand,,2000,9122049
Australia and New Zealand,,2001,9192726
Australia and New Zealand,,2002,9265971
Australia and New Zealand,,2003,9346006
Australia and New Zealand,,2004,9438316
Australia and New Zealand,,2005,9351350
Australia and New Zealand,,2006,9275532
Australia and New Zealand,,2007,9207311
Australia and New Zealand,,2008,9139780
Australia and New Zealand,,2009,9064322
Australia and New Zealand,,2010,8975094
Australia and New Zealand,,2011,8870577
Australia and New Zealand,,2012,8752197
Australia and New Zealand,,2013,8620984
Australia and New Zealand,,2014,8478810
Australia and New Zealand,,2015,8326986
Australia and New Zealand,,2016,8165535
Australia and New Zealand,,2017,7994035
Australia and New Zealand,,2018,7812812
Australia and New Zealand,,2019,7622207
Australia and New Zealand,,2020,7422595
Austria,AUT,2000,25691
Austria,AUT,2001,25961
Austria,AUT,2002,26260
Austria,AUT,2003,26709
Austria,AUT,2004,27179
Austria,AUT,2005,27638
Austria,AUT,2006,28080
Austria,AUT,2007,28514
Austria,AUT,2008,28946
Austria,AUT,2009,29391
Austria,AUT,2010,29858
Austria,AUT,2011,30351
Austria,AUT,2012,30657
Austria,AUT,2013,30881
Austria,AUT,2014,31124
Austria,AUT,2015,31385
Austria,AUT,2016,31666
Austria,AUT,2017,31964
Austria,AUT,2018,32087
Austria,AUT,2019,32170
Austria,AUT,2020,32196
Azerbaijan,AZE,2000,6606489
Azerbaijan,AZE,2001,6590896
Azerbaijan,AZE,2002,6578321
Azerbaijan,AZE,2003,6568170
Azerbaijan,AZE,2004,6559185
Azerbaijan,AZE,2005,6564398
Azerbaijan,AZE,2006,6586278
Azerbaijan,AZE,2007,6614129
Azerbaijan,AZE,2008,6669560
Azerbaijan,AZE,2009,6737180
Azerbaijan,AZE,2010,6809751
Azerbaijan,AZE,2011,6887405
Azerbaijan,AZE,2012,6969332
Azerbaijan,AZE,2013,7053941
Azerbaijan,AZE,2014,7156139
Azerbaijan,AZE,2015,7262931
Azerbaijan,AZE,2016,7432750
Azerbaijan,AZE,2017,7601769
Azerbaijan,AZE,2018,7769084
Azerbaijan,AZE,2019,7933760
Bahrain,BHR,2000,211523
Bahrain,BHR,2001,213560
Bahrain,BHR,2002,216135
Bahrain,BHR,2003,219488
Bahrain,BHR,2004,223827
Bahrain,BHR,2005,229031
Bahrain,BHR,2006,235237
Bahrain,BHR,2007,241684
Bahrain,BHR,2008,246519
Bahrain,BHR,2009,247711
Bahrain,BHR,2010,244310
Bahrain,BHR,2011,236138
Bahrain,BHR,2012,224386
Bahrain,BHR,2013,211030
Bahrain,BHR,2014,198191
Bahrain,BHR,2015,186850
Bahrain,BHR,2016,176894
Bahrain,BHR,2017,167234
Bahrain,BHR,2018,156625
Bahrain,BHR,2019,143867
Bahrain,BHR,2020,149164
Bangladesh,BGD,2000,105112175
Bangladesh,BGD,2001,105713980
Bangladesh,BGD,2002,106215151
Bangladesh,BGD,2003,106608719
Bangladesh,BGD,2004,106864259
Bangladesh,BGD,2005,106957034
Bangladesh,BGD,2006,106891690
Bangladesh,BGD,2007,106679649
Bangladesh,BGD,2008,106363572
Bangladesh,BGD,2009,106000408
Bangladesh,BGD,2010,105630189
Bangladesh,BGD,2011,105265561
Bangladesh,BGD,2012,104898152
Bangladesh,BGD,2013,104520116
Bangladesh,BGD,2014,104116638
Bangladesh,BGD,2015,103677416
Bangladesh,BGD,2016,103203711
Bangladesh,BGD,2017,102700776
Bangladesh,BGD,2018,102167430
Bangladesh,BGD,2019,101602412
Bangladesh,BGD,2020,101004961
Belarus,BLR,2000,1564894
Belarus,BLR,2001,1548180
Belarus,BLR,2002,1530791
Belarus,BLR,2003,1513378
Belarus,BLR,2004,1563988
Belarus,BLR,2005,1619405
Belarus,BLR,2006,1675566
Belarus,BLR,2007,1732624
Belarus,BLR,2008,1790770
Belarus,BLR,2009,1850146
Belarus,BLR,2010,1909484
Belarus,BLR,2011,1969711
Belarus,BLR,2012,2031437
Belarus,BLR,2013,2094359
Belarus,BLR,2014,2157985
Belarus,BLR,2015,2268081
Belarus,BLR,2016,2377450
Belarus,BLR,2017,2401518
Belarus,BLR,2018,2424482
Belarus,BLR,2019,2446263
Belarus,BLR,2020,2466741
Belgium,BEL,2000,2689339
Belgium,BEL,2001,2698988
Belgium,BEL,2002,2710956
Belgium,BEL,2003,2725095
Belgium,BEL,2004,2648734
Belgium,BEL,2005,2572682
Belgium,BEL,2006,2496825
Belgium,BEL,2007,2420932
Belgium,BEL,2008,2344335
Belgium,BEL,2009,2266319
Belgium,BEL,2010,2186411
Belgium,BEL,2011,2104410
Belgium,BEL,2012,2020426
Belgium,BEL,2013,1934689
Belgium,BEL,2014,1847505
Belgium,BEL,2015,1759058
Belgium,BEL,2016,1669402
Belgium,BEL,2017,1578419
Belgium,BEL,2018,1485907
Belgium,BEL,2019,1391658
Belgium,BEL,2020,1295637
Bhutan,BTN,2000,223838
Bhutan,BTN,2001,227127
Bhutan,BTN,2002,228743
Bhutan,BTN,2003,230227
Bhutan,BTN,2004,231502
Bhutan,BTN,2005,232584
Bhutan,BTN,2006,233762
Bhutan,BTN,2007,234628
Bhutan,BTN,2008,235364
Bhutan,BTN,2009,238889
Bhutan,BTN,2010,242951
Bhutan,BTN,2011,247524
Bhutan,BTN,2012,252582
Bhutan,BTN,2013,258093
Bhutan,BTN,2014,263993
Bhutan,BTN,2015,270235
Bhutan,BTN,2016,273262
Bhutan,BTN,2017,272313
Bhutan,BTN,2018,271208
Bhutan,BTN,2019,269906
Bhutan,BTN,2020,268392
Bolivia,BOL,2000,6062208
Bolivia,BOL,2001,6099437
Bolivia,BOL,2002,6135284
Bolivia,BOL,2003,6168955
Bolivia,BOL,2004,6200094
Bolivia,BOL,2005,6228624
Bolivia,BOL,2006,6254395
Bolivia,BOL,2007,6239628
Bolivia,BOL,2008,6218893
Bolivia,BOL,2009,6192366
Bolivia,BOL,2010,6160036
Bolivia,BOL,2011,6121831
Bolivia,BOL,2012,6077578
Bolivia,BOL,2013,6028352
Bolivia,BOL,2014,5973287
Bolivia,BOL,2015,5911267
Bolivia,BOL,2016,5842125
Bolivia,BOL,2017,5765925
Bolivia,BOL,2018,5682639
Bolivia,BOL,2019,5592429
Bolivia,BOL,2020,5495404
Bosnia and Herzegovina,BIH,2000,3115520
Bosnia and Herzegovina,BIH,2001,3094435
Bosnia and Herzegovina,BIH,2002,3073202
Bosnia and Herzegovina,BIH,2003,3051318
Bosnia and Herzegovina,BIH,2004,3029066
Bosnia and Herzegovina,BIH,2005,3006333
Bosnia and Herzegovina,BIH,2006,2983037
Bosnia and Herzegovina,BIH,2007,2957896
Bosnia and Herzegovina,BIH,2008,2928468
Bosnia and Herzegovina,BIH,2009,2891849
Bosnia and Herzegovina,BIH,2010,2786677
Bosnia and Herzegovina,BIH,2011,2669866
Bosnia and Herzegovina,BIH,2012,2546279
Bosnia and Herzegovina,BIH,2013,2423253
Bosnia and Herzegovina,BIH,2014,2309564
Bosnia and Herzegovina,BIH,2015,2218031
Bosnia and Herzegovina,BIH,2016,2134051
Bosnia and Herzegovina,BIH,2017,2056360
Bosnia and Herzegovina,BIH,2018,1983774
Brazil,BRA,2000,112316703
Brazil,BRA,2001,113108447
Brazil,BRA,2002,113852103
Brazil,BRA,2003,114535927
Brazil,BRA,2004,115158183
Brazil,BRA,2005,115718546
Brazil,BRA,2006,116215400
Brazil,BRA,2007,116651740
Brazil,BRA,2008,117037104
Brazil,BRA,2009,117384620
Brazil,BRA,2010,117703144
Brazil,BRA,2011,117992116
Brazil,BRA,2012,117271959
Brazil,BRA,2013,116474783
Brazil,BRA,2014,115601269
Brazil,BRA,2015,114652101
Brazil,BRA,2016,113628869
Brazil,BRA,2017,112528679
Brazil,BRA,2018,111343973
Brazil,BRA,2019,110063772
Brazil,BRA,2020,109029552
Bulgaria,BGR,2000,3919884
Bulgaria,BGR,2001,3898736
Bulgaria,BGR,2002,3877919
Bulgaria,BGR,2003,3858021
Bulgaria,BGR,2004,3838911
Bulgaria,BGR,2005,3820496
Bulgaria,BGR,2006,3802646
Bulgaria,BGR,2007,3785302
Bulgaria,BGR,2008,3768553
Bulgaria,BGR,2009,3630785
Bulgaria,BGR,2010,3479421
Bulgaria,BGR,2011,3325052
Bulgaria,BGR,2012,3171082
Bulgaria,BGR,2013,3017091
Bulgaria,BGR,2014,2856172
Bulgaria,BGR,2015,2691105
Bulgaria,BGR,2016,2525134
Bulgaria,BGR,2017,2358508
Bulgaria,BGR,2018,2214146
Bulgaria,BGR,2019,2071142
Bulgaria,BGR,2020,1929668
Canada,CAN,2000,6859467
Canada,CAN,2001,6924606
Canada,CAN,2002,6991406
Canada,CAN,2003,6918309
Canada,CAN,2004,6846198
Canada,CAN,2005,6791249
Canada,CAN,2006,6741441
Canada,CAN,2007,6693128
Canada,CAN,2008,6644541
Canada,CAN,2009,6593304
Canada,CAN,2010,6537757
Canada,CAN,2011,6477470
Canada,CAN,2012,6412890
Canada,CAN,2013,6344069
Canada,CAN,2014,6271403
Canada,CAN,2015,6195190
Canada,CAN,2016,6115403
Canada,CAN,2017,6031932
Canada,CAN,2018,5941690
Canada,CAN,2019,5848045
Canada,CAN,2020,5899705
Central African Republic,CAF,2000,2924137
Central African Republic,CAF,2001,2991355
Central African Republic,CAF,2002,3057455
Central African Republic,CAF,2003,3122792
Central African Republic,CAF,2004,3187931
Central African Republic,CAF,2005,3267453
Central African Republic,CAF,2006,3348329
Central African Republic,CAF,2007,3429772
Central African Republic,CAF,2008,3507859
Central African Republic,CAF,2009,3577140
Central African Republic,CAF,2010,3634166
Central African Republic,CAF,2011,3676989
Central African Republic,CAF,2012,3708064
Central African Republic,CAF,2013,3733848
Central African Republic,CAF,2014,3763509
Central African Republic,CAF,2015,3803942
Central African Republic,CAF,2016,3857613
Central African Republic,CAF,2017,3923276
Central African Republic,CAF,2018,3999517
Central African Republic,CAF,2019,4083407
Central African Republic,CAF,2020,4172732
Central and Southern Asia,,2000,1316523381
Central and Southern Asia,,2001,1326887784
Central and Southern Asia,,2002,1333939887
Central and Southern Asia,,2003,1330129492
Central and Southern Asia,,2004,1318362380
Central and Southern Asia,,2005,1311980846
Central and Southern Asia,,2006,1304606929
Central and Southern Asia,,2007,1295138968
Central and Southern Asia,,2008,1284462831
Central and Southern Asia,,2009,1272557288
Central and Southern Asia,,2010,1259425574
Central and Southern Asia,,2011,1245046188
Central and Southern Asia,,2012,1229450880
Central and Southern Asia,,2013,1212789810
Central and Southern Asia,,2014,1195213323
Central and Southern Asia,,2015,1176726640
Central and Southern Asia,,2016,1157351215
Central and Southern Asia,,2017,1137133396
Central and Southern Asia,,2018,1117621393
Central and Southern Asia,,2019,1097478188
Central and Southern Asia,,2020,1076432396
Chad,TCD,2000,7636853
Chad,TCD,2001,7929526
Chad,TCD,2002,8239363
Chad,TCD,2003,8561351
Chad,TCD,2004,8888776
Chad,TCD,2005,9216939
Chad,TCD,2006,9543647
Chad,TCD,2007,9870516
Chad,TCD,2008,10201437
Chad,TCD,2009,10538885
Chad,TCD,2010,10888932
Chad,TCD,2011,11252671
Chad,TCD,2012,11628076
Chad,TCD,2013,12012219
Chad,TCD,2014,12400782
Chad,TCD,2015,12790611
Chad,TCD,2016,13180529
Chad,TCD,2017,13571282
Chad,TCD,2018,13963834
Chad,TCD,2019,14359986
Chad,TCD,2020,14760751
Channel Islands,OWID_CIS,2009,29265
Channel Islands,OWID_CIS,2010,29548
Channel Islands,OWID_CIS,2011,29783
Channel Islands,OWID_CIS,2012,29979
Channel Islands,OWID_CIS,2013,30162
Channel Islands,OWID_CIS,2014,30360
Channel Islands,OWID_CIS,2015,30597
Channel Islands,OWID_CIS,2016,30881
Channel Islands,OWID_CIS,2017,31203
Chile,CHL,2000,7528460
Chile,CHL,2001,7573912
Chile,CHL,2002,7617298
Chile,CHL,2003,7662559
Chile,CHL,2004,7491917
Chile,CHL,2005,7315297
Chile,CHL,2006,7133175
Chile,CHL,2007,6945280
Chile,CHL,2008,6750696
Chile,CHL,2009,6548333
Chile,CHL,2010,6337600
Chile,CHL,2011,6117142
Chile,CHL,2012,5887564
Chile,CHL,2013,5651778
Chile,CHL,2014,5413144
Chile,CHL,2015,5177956
Chile,CHL,2016,4960617
Chile,CHL,2017,4733639
Chile,CHL,2018,4549803
Chile,CHL,2019,4330109
Chile,CHL,2020,4090601
China,CHN,2000,1140195236
China,CHN,2001,1142985605
China,CHN,2002,1138612652
China,CHN,2003,1117384656
China,CHN,2004,1093520731
China,CHN,2005,1067122289
China,CHN,2006,1038401574
China,CHN,2007,1007348484
China,CHN,2008,973921127
China,CHN,2009,938203912
China,CHN,2010,900213483
China,CHN,2011,860313999
China,CHN,2012,818388060
China,CHN,2013,774309566
China,CHN,2014,728051092
China,CHN,2015,679637848
China,CHN,2016,629115578
China,CHN,2017,576567780
China,CHN,2018,522139246
China,CHN,2019,465892876
China,CHN,2020,443978176
Colombia,COL,2000,33622039
Colombia,COL,2001,34085383
Colombia,COL,2002,34541553
Colombia,COL,2003,34986969
Colombia,COL,2004,35417035
Colombia,COL,2005,35828591
Colombia,COL,2006,36223177
Colombia,COL,2007,36602586
Colombia,COL,2008,36964772
Colombia,COL,2009,37307147
Colombia,COL,2010,37629753
Colombia,COL,2011,37924263
Colombia,COL,2012,38195447
Colombia,COL,2013,38471425
Colombia,COL,2014,38789871
Colombia,COL,2015,39173912
Colombia,COL,2016,39640196
Colombia,COL,2017,40170984
Colombia,COL,2018,40713447
Colombia,COL,2019,41194489
Colombia,COL,2020,41563745
Costa Rica,CRI,2000,2422949
Costa Rica,CRI,2001,2475847
Costa Rica,CRI,2002,2526386
Costa Rica,CRI,2003,2575247
Costa Rica,CRI,2004,2623463
Costa Rica,CRI,2005,2671818
Costa Rica,CRI,2006,2720514
Costa Rica,CRI,2007,2769376
Costa Rica,CRI,2008,2836960
Costa Rica,CRI,2009,2903373
Costa Rica,CRI,2010,2969727
Costa Rica,CRI,2011,3035961
Costa Rica,CRI,2012,3102003
Costa Rica,CRI,2013,3166230
Costa Rica,CRI,2014,3229685
Costa Rica,CRI,2015,3292457
Costa Rica,CRI,2016,3354422
Costa Rica,CRI,2017,3415446
Costa Rica,CRI,2018,3475274
Costa Rica,CRI,2019,3516473
Costa Rica,CRI,2020,3555465
Croatia,HRV,2000,979723
Croatia,HRV,2001,972994
Croatia,HRV,2002,967699
Croatia,HRV,2003,963589
Croatia,HRV,2004,959903
Croatia,HRV,2005,956053
Croatia,HRV,2006,951889
Croatia,HRV,2007,947500
Croatia,HRV,2008,942810
Croatia,HRV,2009,937787
Croatia,HRV,2010,932407
Croatia,HRV,2011,926630
Croatia,HRV,2012,940532
Croatia,HRV,2013,991157
Croatia,HRV,2014,1040825
Croatia,HRV,2015,1089561
Croatia,HRV,2016,1137296
Croatia,HRV,2017,1184016
Croatia,HRV,2018,1230618
Croatia,HRV,2019,1276690
Croatia,HRV,2020,1322489
Cuba,CUB,2000,6635097
Cuba,CUB,2001,6673800
Cuba,CUB,2002,6710614
Cuba,CUB,2003,6742550
Cuba,CUB,2004,6767846
Cuba,CUB,2005,6808855
Cuba,CUB,2006,6843362
Cuba,CUB,2007,6872347
Cuba,CUB,2008,6899250
Cuba,CUB,2009,6928878
Cuba,CUB,2010,6964706
Cuba,CUB,2011,6989505
Cuba,CUB,2012,7019789
Cuba,CUB,2013,7051734
Cuba,CUB,2014,7082049
Cuba,CUB,2015,7107948
Cuba,CUB,2016,7128584
Cuba,CUB,2017,7145080
Cuba,CUB,2018,7157974
Cuba,CUB,2019,7168276
Cuba,CUB,2020,7176824
Cyprus,CYP,2000,225121
Cyprus,CYP,2001,228796
Cyprus,CYP,2002,233012
Cyprus,CYP,2003,236518
Cyprus,CYP,2004,240066
Cyprus,CYP,2005,243682
Cyprus,CYP,2006,247420
Cyprus,CYP,2007,251213
Cyprus,CYP,2008,254900
Cyprus,CYP,2009,258249
Cyprus,CYP,2010,261104
Cyprus,CYP,2011,263398
Cyprus,CYP,2012,265199
Cyprus,CYP,2013,266586
Cyprus,CYP,2014,267804
Cyprus,CYP,2015,268993
Cyprus,CYP,2016,270216
Cyprus,CYP,2017,271421
Cyprus,CYP,2018,272563
Cyprus,CYP,2019,274714
Cyprus,CYP,2020,276674
Czechia,CZE,2000,3400364
Czechia,CZE,2001,3349801
Czechia,CZE,2002,3299274
Czechia,CZE,2003,3250695
Czechia,CZE,2004,3143667
Czechia,CZE,2005,3041297
Czechia,CZE,2006,2943948
Czechia,CZE,2007,2841511
Czechia,CZE,2008,2735137
Czechia,CZE,2009,2625010
Czechia,CZE,2010,2508984
Czechia,CZE,2011,2386712
Czechia,CZE,2012,2259543
Czechia,CZE,2013,2129173
Czechia,CZE,2014,2061834
Czechia,CZE,2015,1980711
Czechia,CZE,2016,1863053
Czechia,CZE,2017,1744946
Czechia,CZE,2018,1682101
Czechia,CZE,2019,1633671
Czechia,CZE,2020,1584456
Democratic Republic of Congo,COD,2000,36624731
Democratic Republic of Congo,COD,2001,37858326
Democratic Republic of Congo,COD,2002,39195427
Democratic Republic of Congo,COD,2003,40629691
Democratic Republic of Congo,COD,2004,42145253
Democratic Republic of Congo,COD,2005,43730499
Democratic Republic of Congo,COD,2006,45443301
Democratic Republic of Congo,COD,2007,47236686
Democratic Republic of Congo,COD,2008,49110063
Democratic Republic of Congo,COD,2009,51104720
Democratic Republic of Congo,COD,2010,53180940
Democratic Republic of Congo,COD,2011,55337915
Democratic Republic of Congo,COD,2012,57574920
Democratic Republic of Congo,COD,2013,59891041
Democratic Republic of Congo,COD,2014,62285266
Democratic Republic of Congo,COD,2015,64756297
Democratic Republic of Congo,COD,2016,67303787
Democratic Republic of Congo,COD,2017,69926027
Democratic Republic of Congo,COD,2018,72618725
Democratic Republic of Congo,COD,2019,75376452
Democratic Republic of Congo,COD,2020,78195145
Denmark,DNK,2000,704923
Denmark,DNK,2001,707149
Denmark,DNK,2002,709094
Denmark,DNK,2003,710964
Denmark,DNK,2004,713048
Denmark,DNK,2005,715549
Denmark,DNK,2006,718530
Denmark,DNK,2007,721912
Denmark,DNK,2008,700787
Denmark,DNK,2009,679451
Denmark,DNK,2010,657766
Denmark,DNK,2011,635721
Denmark,DNK,2012,613333
Denmark,DNK,2013,590552
Denmark,DNK,2014,567337
Denmark,DNK,2015,543668
Denmark,DNK,2016,519539
Denmark,DNK,2017,494987
Denmark,DNK,2018,479847
Denmark,DNK,2019,468145
Denmark,DNK,2020,469794
Djibouti,DJI,2000,539250
Djibouti,DJI,2001,550794
Djibouti,DJI,2002,561197
Djibouti,DJI,2003,570669
Djibouti,DJI,2004,579589
Djibouti,DJI,2005,581912
Djibouti,DJI,2006,583809
Djibouti,DJI,2007,585247
Djibouti,DJI,2008,586528
Djibouti,DJI,2009,588047
Djibouti,DJI,2010,590027
Djibouti,DJI,2011,592575
Djibouti,DJI,2012,595587
Djibouti,DJI,2013,598840
Djibouti,DJI,2014,602021
Djibouti,DJI,2015,604875
Djibouti,DJI,2016,607375
Djibouti,DJI,2017,609548
Djibouti,DJI,2018,611380
Djibouti,DJI,2019,612858
Djibouti,DJI,2020,621651
Eastern and South-Eastern Asia,,2000,1620143587
Eastern and South-Eastern Asia,,2001,1624763640
Eastern and South-Eastern Asia,,2002,1624922822
Eastern and South-Eastern Asia,,2003,1605246056
Eastern and South-Eastern Asia,,2004,1582394940
Eastern and South-Eastern Asia,,2005,1556568489
Eastern and South-Eastern Asia,,2006,1528195476
Eastern and South-Eastern Asia,,2007,1497130201
Eastern and South-Eastern Asia,,2008,1463817359
Eastern and South-Eastern Asia,,2009,1428356060
Eastern and South-Eastern Asia,,2010,1390630749
Eastern and South-Eastern Asia,,2011,1350822632
Eastern and South-Eastern Asia,,2012,1308963064
Eastern and South-Eastern Asia,,2013,1264933874
Eastern and South-Eastern Asia,,2014,1218651754
Eastern and South-Eastern Asia,,2015,1170120973
Eastern and South-Eastern Asia,,2016,1119386721
Eastern and South-Eastern Asia,,2017,1066589138
Eastern and South-Eastern Asia,,2018,1011809051
Eastern and South-Eastern Asia,,2019,955685058
Eastern and South-Eastern Asia,,2020,933620722
Ecuador,ECU,2000,7616839
Ecuador,ECU,2001,7750769
Ecuador,ECU,2002,7881965
Ecuador,ECU,2003,8011360
Ecuador,ECU,2004,8141534
Ecuador,ECU,2005,8255645
Ecuador,ECU,2006,8372272
Ecuador,ECU,2007,8491200
Ecuador,ECU,2008,8611470
Ecuador,ECU,2009,8731623
Ecuador,ECU,2010,8850871
Ecuador,ECU,2011,8967249
Ecuador,ECU,2012,9081675
Ecuador,ECU,2013,9198104
Ecuador,ECU,2014,9321103
Ecuador,ECU,2015,9453559
Ecuador,ECU,2016,9597179
Ecuador,ECU,2017,9767246
Ecuador,ECU,2018,9950992
Ecuador,ECU,2019,10129018
Ecuador,ECU,2020,10297912
Egypt,EGY,2000,31554722
Egypt,EGY,2001,32186874
Egypt,EGY,2002,32825820
Egypt,EGY,2003,33470401
Egypt,EGY,2004,33549837
Egypt,EGY,2005,33610254
Egypt,EGY,2006,33648396
Egypt,EGY,2007,33673610
Egypt,EGY,2008,33699085
Egypt,EGY,2009,33740829
Egypt,EGY,2010,33810343
Egypt,EGY,2011,33909955
Egypt,EGY,2012,34034075
Egypt,EGY,2013,34161628
Egypt,EGY,2014,34271018
Egypt,EGY,2015,34328835
Egypt,EGY,2016,34265530
Egypt,EGY,2017,34158273
Egypt,EGY,2018,34005222
Egypt,EGY,2019,33805825
Egypt,EGY,2020,33707899
Estonia,EST,2000,103991
Estonia,EST,2001,103353
Estonia,EST,2002,102615
Estonia,EST,2003,102339
Estonia,EST,2004,101289
Estonia,EST,2005,100378
Estonia,EST,2006,99607
Estonia,EST,2007,98943
Estonia,EST,2008,98359
Estonia,EST,2009,97814
Estonia,EST,2010,97278
Estonia,EST,2011,96732
Estonia,EST,2012,96194
Estonia,EST,2013,95709
Estonia,EST,2014,95339
Estonia,EST,2015,94390
Estonia,EST,2016,93610
Estonia,EST,2017,92966
Estonia,EST,2018,92515
Estonia,EST,2019,91983
Estonia,EST,2020,92052
Ethiopia,ETH,2000,64822895
Ethiopia,ETH,2001,66538831
Ethiopia,ETH,2002,68299355
Ethiopia,ETH,2003,70094699
Ethiopia,ETH,2004,71924319
Ethiopia,ETH,2005,73784177
Ethiopia,ETH,2006,75672461
Ethiopia,ETH,2007,77593718
Ethiopia,ETH,2008,79546544
Ethiopia,ETH,2009,81564512
Ethiopia,ETH,2010,83658983
Ethiopia,ETH,2011,85835049
Ethiopia,ETH,2012,88085557
Ethiopia,ETH,2013,90402223
Ethiopia,ETH,2014,92757938
Ethiopia,ETH,2015,95133214
Ethiopia,ETH,2016,97525575
Ethiopia,ETH,2017,99936818
Ethiopia,ETH,2018,102366147
Ethiopia,ETH,2019,104815248
Ethiopia,ETH,2020,107284852
Finland,FIN,2000,1038134
Finland,FIN,2001,1027280
Finland,FIN,2002,1016433
Finland,FIN,2003,1005683
Finland,FIN,2004,995115
Finland,FIN,2005,984786
Finland,FIN,2006,974703
Finland,FIN,2007,964834
Finland,FIN,2008,955122
Finland,FIN,2009,945494
Finland,FIN,2010,935872
Finland,FIN,2011,926256
Finland,FIN,2012,916597
Finland,FIN,2013,906724
Finland,FIN,2014,896432
Finland,FIN,2015,885587
Finland,FIN,2016,874143
Finland,FIN,2017,876315
Finland,FIN,2018,878098
Finland,FIN,2019,879621
Finland,FIN,2020,880982
Fragile or Extremely Fragile,,2000,919773257
Fragile or Extremely Fragile,,2001,936512409
Fragile or Extremely Fragile,,2002,958182520
Fragile or Extremely Fragile,,2003,974724768
Fragile or Extremely Fragile,,2004,991393290
Fragile or Extremely Fragile,,2005,952137021
Fragile or Extremely Fragile,,2006,966170888
Fragile or Extremely Fragile,,2007,980195289
Fragile or Extremely Fragile,,2008,994355211
Fragile or Extremely Fragile,,2009,1009090990
Fragile or Extremely Fragile,,2010,1023963645
Fragile or Extremely Fragile,,2011,1048506262
Fragile or Extremely Fragile,,2012,1064240584
Fragile or Extremely Fragile,,2013,1080080086
Fragile or Extremely Fragile,,2014,1095886432
Fragile or Extremely Fragile,,2015,1111508286
Fragile or Extremely Fragile,,2016,1127005281
Fragile or Extremely Fragile,,2017,1142484330
Fragile or Extremely Fragile,,2018,1158839560
Fragile or Extremely Fragile,,2019,1175581252
Fragile or Extremely Fragile,,2020,1193883744
France,FRA,2000,12253941
France,FRA,2001,12329594
France,FRA,2002,12415670
France,FRA,2003,12532595
France,FRA,2004,12649531
France,FRA,2005,12761785
France,FRA,2006,12867425
France,FRA,2007,12967427
France,FRA,2008,13063481
France,FRA,2009,13158510
France,FRA,2010,13254467
France,FRA,2011,13352002
France,FRA,2012,13449693
France,FRA,2013,13545001
France,FRA,2014,13634389
France,FRA,2015,13715456
France,FRA,2016,13787116
France,FRA,2017,13850549
France,FRA,2018,13908393
France,FRA,2019,13944850
France,FRA,2020,13976053
Gambia,GMB,2000,748306
Gambia,GMB,2001,789930
Gambia,GMB,2002,833381
Gambia,GMB,2003,877360
Gambia,GMB,2004,922214
Gambia,GMB,2005,960412
Gambia,GMB,2006,999395
Gambia,GMB,2007,1039323
Gambia,GMB,2008,1080436
Gambia,GMB,2009,1123079
Gambia,GMB,2010,1167554
Gambia,GMB,2011,1213963
Gambia,GMB,2012,1262305
Gambia,GMB,2013,1312544
Gambia,GMB,2014,1364623
Gambia,GMB,2015,1418501
Gambia,GMB,2016,1474208
Gambia,GMB,2017,1531837
Gambia,GMB,2018,1591411
Gambia,GMB,2019,1652992
Gambia,GMB,2020,1716625
Georgia,GEO,2000,2272511
Georgia,GEO,2001,2265052
Georgia,GEO,2002,2274320
Georgia,GEO,2003,2295711
Georgia,GEO,2004,2318424
Georgia,GEO,2005,2339630
Georgia,GEO,2006,2358018
Georgia,GEO,2007,2374827
Georgia,GEO,2008,2390620
Georgia,GEO,2009,2406772
Georgia,GEO,2010,2424323
Georgia,GEO,2011,2443053
Georgia,GEO,2012,2462330
Georgia,GEO,2013,2482377
Georgia,GEO,2014,2503545
Georgia,GEO,2015,2526029
Georgia,GEO,2016,2550038
Georgia,GEO,2017,2575336
Georgia,GEO,2018,2601136
Georgia,GEO,2019,2608995
Georgia,GEO,2020,2616152
Germany,DEU,2000,3419599
Germany,DEU,2001,3410209
Germany,DEU,2002,3402036
Germany,DEU,2003,3393814
Germany,DEU,2004,3321030
Germany,DEU,2005,3245199
Germany,DEU,2006,3166160
Germany,DEU,2007,3084897
Germany,DEU,2008,3003419
Germany,DEU,2009,2924023
Germany,DEU,2010,2848226
Germany,DEU,2011,2776075
Germany,DEU,2012,2717291
Germany,DEU,2013,2661101
Germany,DEU,2014,2606976
Germany,DEU,2015,2554324
Germany,DEU,2016,2502450
Germany,DEU,2017,2450896
Germany,DEU,2018,2397811
Germany,DEU,2019,2405340
Germany,DEU,2020,2408444
Ghana,GHA,2000,18437231
Ghana,GHA,2001,18882287
Ghana,GHA,2002,19257306
Ghana,GHA,2003,19640870
Ghana,GHA,2004,20036165
Ghana,GHA,2005,20445084
Ghana,GHA,2006,20869036
Ghana,GHA,2007,21306282
Ghana,GHA,2008,21751538
Ghana,GHA,2009,22197541
Ghana,GHA,2010,22639074
Ghana,GHA,2011,23074285
Ghana,GHA,2012,23504380
Ghana,GHA,2013,23931080
Ghana,GHA,2014,24357328
Ghana,GHA,2015,24785141
Ghana,GHA,2016,25214653
Ghana,GHA,2017,25644778
Ghana,GHA,2018,26074985
Ghana,GHA,2019,26504434
Ghana,GHA,2020,26932537
Greece,GRC,2000,2519131
Greece,GRC,2001,2463913
Greece,GRC,2002,2401452
Greece,GRC,2003,2335743
Greece,GRC,2004,2265107
Greece,GRC,2005,2188896
Greece,GRC,2006,2107031
Greece,GRC,2007,2020817
Greece,GRC,2008,1932535
Greece,GRC,2009,1844956
Greece,GRC,2010,1759758
Greece,GRC,2011,1673737
Greece,GRC,2012,1576296
Greece,GRC,2013,1480978
Greece,GRC,2014,1386848
Greece,GRC,2015,1296764
Greece,GRC,2016,1208461
Greece,GRC,2017,1120955
Greece,GRC,2018,1034212
Greece,GRC,2019,948282
Greece,GRC,2020,863164
Greenland,GRL,2000,7915
Greenland,GRL,2001,7937
Greenland,GRL,2002,7963
Greenland,GRL,2003,7990
Greenland,GRL,2004,8012
Greenland,GRL,2005,8024
Greenland,GRL,2006,8026
Greenland,GRL,2007,8021
Greenland,GRL,2008,7881
Greenland,GRL,2009,7516
Greenland,GRL,2010,7153
Greenland,GRL,2011,6791
Greenland,GRL,2012,6429
Greenland,GRL,2013,6069
Greenland,GRL,2014,5712
Greenland,GRL,2015,5356
Greenland,GRL,2016,5002
Greenland,GRL,2017,4842
Greenland,GRL,2018,4719
Greenland,GRL,2019,4596
Greenland,GRL,2020,4605
Guinea-Bissau,GNB,2000,1162107
Guinea-Bissau,GNB,2001,1182537
Guinea-Bissau,GNB,2002,1204217
Guinea-Bissau,GNB,2003,1227078
Guinea-Bissau,GNB,2004,1250961
Guinea-Bissau,GNB,2005,1275436
Guinea-Bissau,GNB,2006,1300702
Guinea-Bissau,GNB,2007,1326831
Guinea-Bissau,GNB,2008,1353907
Guinea-Bissau,GNB,2009,1382058
Guinea-Bissau,GNB,2010,1411347
Guinea-Bissau,GNB,2011,1441754
Guinea-Bissau,GNB,2012,1473134
Guinea-Bissau,GNB,2013,1505185
Guinea-Bissau,GNB,2014,1537514
Guinea-Bissau,GNB,2015,1569828
Guinea-Bissau,GNB,2016,1601975
Guinea-Bissau,GNB,2017,1633967
Guinea-Bissau,GNB,2018,1665745
Guinea-Bissau,GNB,2019,1697301
Guinea-Bissau,GNB,2020,1728624
High income,,2000,180489828
High income,,2001,180238120
High income,,2002,178968088
High income,,2003,177603858
High income,,2004,175197884
High income,,2005,172255630
High income,,2006,169322677
High income,,2007,166343390
High income,,2008,163313129
High income,,2009,160145798
High income,,2010,205777928
High income,,2011,201481629
High income,,2012,197094224
High income,,2013,192627787
High income,,2014,188105601
High income,,2015,183614588
High income,,2016,179051051
High income,,2017,174729887
High income,,2018,170646481
High income,,2019,166688212
High income,,2020,163160257
Honduras,HND,2000,3941473
Honduras,HND,2001,4000316
Honduras,HND,2002,4059154
Honduras,HND,2003,4116790
Honduras,HND,2004,4173165
Honduras,HND,2005,4233057
Honduras,HND,2006,4292069
Honduras,HND,2007,4350066
Honduras,HND,2008,4406777
Honduras,HND,2009,4461809
Honduras,HND,2010,4515046
Honduras,HND,2011,4566360
Honduras,HND,2012,4616094
Honduras,HND,2013,4664792
Honduras,HND,2014,4713356
Honduras,HND,2015,4762275
Honduras,HND,2016,4806181
Honduras,HND,2017,4850376
Honduras,HND,2018,4894860
Honduras,HND,2019,4939577
Honduras,HND,2020,4984484
Hong Kong,HKG,2000,917721
Hong Kong,HKG,2001,925841
Hong Kong,HKG,2002,930980
Hong Kong,HKG,2003,934163
Hong Kong,HKG,2004,937664
Hong Kong,HKG,2005,941885
Hong Kong,HKG,2006,947154
Hong Kong,HKG,2007,953187
Hong Kong,HKG,2008,959773
Hong Kong,HKG,2009,966499
Hong Kong,HKG,2010,973081
Hong Kong,HKG,2011,979476
Hong Kong,HKG,2012,985876
Hong Kong,HKG,2013,992520
Hong Kong,HKG,2014,999728
Hong Kong,HKG,2015,1007708
Hong Kong,HKG,2016,1016573
Hong Kong,HKG,2017,1026185
Hong Kong,HKG,2018,1036181
Hong Kong,HKG,2019,1046053
Hong Kong,HKG,2020,1055433
Hungary,HUN,2000,3691529
Hungary,HUN,2001,3712441
Hungary,HUN,2002,3732667
Hungary,HUN,2003,3752679
Hungary,HUN,2004,3584398
Hungary,HUN,2005,3411007
Hungary,HUN,2006,3232509
Hungary,HUN,2007,3049504
Hungary,HUN,2008,2862291
Hungary,HUN,2009,2671210
Hungary,HUN,2010,2477008
Hungary,HUN,2011,2279343
Hungary,HUN,2012,2079442
Hungary,HUN,2013,1876870
Hungary,HUN,2014,1671366
Hungary,HUN,2015,1462960
Hungary,HUN,2016,1356311
Hungary,HUN,2017,1274162
Hungary,HUN,2018,1191867
Hungary,HUN,2019,1186267
Hungary,HUN,2020,1180448
Iceland,ISL,2000,163064
Iceland,ISL,2001,158770
Iceland,ISL,2002,154311
Iceland,ISL,2003,149826
Iceland,ISL,2004,145457
Iceland,ISL,2005,141268
Iceland,ISL,2006,137281
Iceland,ISL,2007,133364
Iceland,ISL,2008,129269
Iceland,ISL,2009,124707
Iceland,ISL,2010,119539
Iceland,ISL,2011,113737
Iceland,ISL,2012,107443
Iceland,ISL,2013,100735
Iceland,ISL,2014,93344
Iceland,ISL,2015,85908
Iceland,ISL,2016,78427
Iceland,ISL,2017,70854
Iceland,ISL,2018,63156
Iceland,ISL,2019,55304
Iceland,ISL,2020,55666
India,IND,2000,987025124
India,IND,2001,990635991
India,IND,2002,993075524
India,IND,2003,988753614
India,IND,2004,978508331
India,IND,2005,971783216
India,IND,2006,964202248
India,IND,2007,955040195
India,IND,2008,944845410
India,IND,2009,933525496
India,IND,2010,921028127
India,IND,2011,907347497
India,IND,2012,892537119
India,IND,2013,876691322
India,IND,2014,859926078
India,IND,2015,842328168
India,IND,2016,823929546
India,IND,2017,804738672
India,IND,2018,785940429
India,IND,2019,766501736
India,IND,2020,746449072
Iraq,IRQ,2000,15767320
Iraq,IRQ,2001,16119942
Iraq,IRQ,2002,16474307
Iraq,IRQ,2003,16814296
Iraq,IRQ,2004,17119234
Iraq,IRQ,2005,17386747
Iraq,IRQ,2006,17595734
Iraq,IRQ,2007,17760062
Iraq,IRQ,2008,17927426
Iraq,IRQ,2009,18127454
Iraq,IRQ,2010,18432065
Iraq,IRQ,2011,18857748
Iraq,IRQ,2012,19379721
Iraq,IRQ,2013,19946857
Iraq,IRQ,2014,20488797
Iraq,IRQ,2015,20956901
Iraq,IRQ,2016,21336780
Iraq,IRQ,2017,21645301
Iraq,IRQ,2018,21949962
Iraq,IRQ,2019,22356537
Iraq,IRQ,2020,22976173
Ireland,IRL,2000,1743241
Ireland,IRL,2001,1711989
Ireland,IRL,2002,1681291
Ireland,IRL,2003,1648844
Ireland,IRL,2004,1615687
Ireland,IRL,2005,1581267
Ireland,IRL,2006,1545759
Ireland,IRL,2007,1508244
Ireland,IRL,2008,1466102
Ireland,IRL,2009,1416383
Ireland,IRL,2010,1357781
Ireland,IRL,2011,1290110
Ireland,IRL,2012,1215402
Ireland,IRL,2013,1132924
Ireland,IRL,2014,1050691
Ireland,IRL,2015,970549
Ireland,IRL,2016,892393
Ireland,IRL,2017,834044
Ireland,IRL,2018,835744
Ireland,IRL,2019,840907
Ireland,IRL,2020,844413
Israel,ISR,2000,1200189
Israel,ISR,2001,1177396
Israel,ISR,2002,1151724
Israel,ISR,2003,1124479
Israel,ISR,2004,1097135
Israel,ISR,2005,1070428
Israel,ISR,2006,1044551
Israel,ISR,2007,1018661
Israel,ISR,2008,991256
Israel,ISR,2009,960617
Israel,ISR,2010,925794
Israel,ISR,2011,886922
Israel,ISR,2012,844497
Israel,ISR,2013,799306
Israel,ISR,2014,752246
Israel,ISR,2015,703804
Israel,ISR,2016,653973
Israel,ISR,2017,602477
Israel,ISR,2018,549113
Israel,ISR,2019,493668
Israel,ISR,2020,436038
Italy,ITA,2000,2470535
Italy,ITA,2001,2477795
Italy,ITA,2002,2489985
Italy,ITA,2003,2505186
Italy,ITA,2004,2517913
Italy,ITA,2005,2528389
Italy,ITA,2006,2535726
Italy,ITA,2007,2540598
Italy,ITA,2008,2544102
Italy,ITA,2009,2547996
Italy,ITA,2010,2553406
Italy,ITA,2011,2560697
Italy,ITA,2012,2567548
Italy,ITA,2013,2573518
Italy,ITA,2014,2577552
Italy,ITA,2015,2578385
Italy,ITA,2016,2575646
Italy,ITA,2017,2569765
Italy,ITA,2018,2564060
Italy,ITA,2019,2557011
Italy,ITA,2020,2549436
Japan,JPN,2000,34389972
Japan,JPN,2001,33869532
Japan,JPN,2002,33350865
Japan,JPN,2003,32832445
Japan,JPN,2004,32310860
Japan,JPN,2005,31785283
Japan,JPN,2006,31255685
Japan,JPN,2007,30722397
Japan,JPN,2008,30185422
Japan,JPN,2009,29644797
Japan,JPN,2010,29100573
Japan,JPN,2011,28552864
Japan,JPN,2012,28001728
Japan,JPN,2013,27447137
Japan,JPN,2014,26889045
Japan,JPN,2015,26327524
Japan,JPN,2016,25762933
Japan,JPN,2017,25195667
Japan,JPN,2018,24625916
Japan,JPN,2019,24060584
Japan,JPN,2020,23486855
Jordan,JOR,2000,1251271
Jordan,JOR,2001,1277176
Jordan,JOR,2002,1300137
Jordan,JOR,2003,1325830
Jordan,JOR,2004,1354753
Jordan,JOR,2005,1366924
Jordan,JOR,2006,1380646
Jordan,JOR,2007,1402274
Jordan,JOR,2008,1429978
Jordan,JOR,2009,1464434
Jordan,JOR,2010,1504299
Jordan,JOR,2011,1549697
Jordan,JOR,2012,1598914
Jordan,JOR,2013,1647352
Jordan,JOR,2014,1689195
Jordan,JOR,2015,1735185
Jordan,JOR,2016,1769006
Jordan,JOR,2017,1791854
Jordan,JOR,2018,1804835
Jordan,JOR,2019,1809853
Jordan,JOR,2020,1808641
Kiribati,KIR,2000,70898
Kiribati,KIR,2001,71410
Kiribati,KIR,2002,71961
Kiribati,KIR,2003,72544
Kiribati,KIR,2004,73207
Kiribati,KIR,2005,74075
Kiribati,KIR,2006,75047
Kiribati,KIR,2007,76102
Kiribati,KIR,2008,77332
Kiribati,KIR,2009,78508
Kiribati,KIR,2010,79552
Kiribati,KIR,2011,80444
Kiribati,KIR,2012,81200
Kiribati,KIR,2013,81889
Kiribati,KIR,2014,82563
Kiribati,KIR,2015,83276
Kiribati,KIR,2016,84044
Kiribati,KIR,2017,84839
Kiribati,KIR,2018,85692
Kiribati,KIR,2019,86612
Kiribati,KIR,2020,87596
Kuwait,KWT,2000,0
Kuwait,KWT,2001,0
Kuwait,KWT,2002,0
Kuwait,KWT,2003,0
Kuwait,KWT,2004,0
Kuwait,KWT,2005,0
Kuwait,KWT,2006,0
Kuwait,KWT,2007,0
Kuwait,KWT,2008,0
Kuwait,KWT,2009,0
Kuwait,KWT,2010,0
Kuwait,KWT,2011,0
Kuwait,KWT,2012,0
Kuwait,KWT,2013,0
Kuwait,KWT,2014,0
Kuwait,KWT,2015,0
Kuwait,KWT,2016,0
Kuwait,KWT,2017,0
Kuwait,KWT,2018,0
Kuwait,KWT,2019,0
Kuwait,KWT,2020,0
Kyrgyzstan,KGZ,2000,734044
Kyrgyzstan,KGZ,2001,734414
Kyrgyzstan,KGZ,2002,718305
Kyrgyzstan,KGZ,2003,701197
Kyrgyzstan,KGZ,2004,684538
Kyrgyzstan,KGZ,2005,664671
Kyrgyzstan,KGZ,2006,646543
Kyrgyzstan,KGZ,2007,629700
Kyrgyzstan,KGZ,2008,613653
Kyrgyzstan,KGZ,2009,598107
Kyrgyzstan,KGZ,2010,582943
Kyrgyzstan,KGZ,2011,568092
Kyrgyzstan,KGZ,2012,553468
Kyrgyzstan,KGZ,2013,538783
Kyrgyzstan,KGZ,2014,523750
Kyrgyzstan,KGZ,2015,508163
Kyrgyzstan,KGZ,2016,495281
Kyrgyzstan,KGZ,2017,493235
Kyrgyzstan,KGZ,2018,490955
Kyrgyzstan,KGZ,2019,488331
Kyrgyzstan,KGZ,2020,491364
Landlocked Developing Countries,,2000,247519842
Landlocked Developing Countries,,2001,251898296
Landlocked Developing Countries,,2002,256628655
Landlocked Developing Countries,,2003,261446736
Landlocked Developing Countries,,2004,266307592
Landlocked Developing Countries,,2005,271240784
Landlocked Developing Countries,,2006,276152288
Landlocked Developing Countries,,2007,281045124
Landlocked Developing Countries,,2008,286015763
Landlocked Developing Countries,,2009,291117427
Landlocked Developing Countries,,2010,296375802
Landlocked Developing Countries,,2011,311104365
Landlocked Developing Countries,,2012,316822610
Landlocked Developing Countries,,2013,322700980
Landlocked Developing Countries,,2014,328815075
Landlocked Developing Countries,,2015,335025507
Landlocked Developing Countries,,2016,341460692
Landlocked Developing Countries,,2017,347995268
Landlocked Developing Countries,,2018,354545414
Landlocked Developing Countries,,2019,361152737
Landlocked Developing Countries,,2020,367936045
Laos,LAO,2000,4168694
Laos,LAO,2001,4092804
Laos,LAO,2002,4025985
Laos,LAO,2003,3956449
Laos,LAO,2004,3885993
Laos,LAO,2005,3818111
Laos,LAO,2006,3756075
Laos,LAO,2007,3693983
Laos,LAO,2008,3630571
Laos,LAO,2009,3564323
Laos,LAO,2010,3494270
Laos,LAO,2011,3420178
Laos,LAO,2012,3342595
Laos,LAO,2013,3262318
Laos,LAO,2014,3180277
Laos,LAO,2015,3096648
Laos,LAO,2016,3011741
Laos,LAO,2017,2925123
Laos,LAO,2018,2836237
Laos,LAO,2019,2770174
Laos,LAO,2020,2809728
Latin America and the Caribbean,,2000,442624702
Latin America and the Caribbean,,2001,446600638
Latin America and the Caribbean,,2002,450423281
Latin America and the Caribbean,,2003,452212754
Latin America and the Caribbean,,2004,453534644
Latin America and the Caribbean,,2005,455049909
Latin America and the Caribbean,,2006,455997347
Latin America and the Caribbean,,2007,456691847
Latin America and the Caribbean,,2008,457171584
Latin America and the Caribbean,,2009,457418733
Latin America and the Caribbean,,2010,457430556
Latin America and the Caribbean,,2011,457199745
Latin America and the Caribbean,,2012,455894603
Latin America and the Caribbean,,2013,454292641
Latin America and the Caribbean,,2014,452355407
Latin America and the Caribbean,,2015,450057819
Latin America and the Caribbean,,2016,447383869
Latin America and the Caribbean,,2017,443455561
Latin America and the Caribbean,,2018,439655585
Latin America and the Caribbean,,2019,435530554
Latin America and the Caribbean,,2020,431170658
Latvia,LVA,2000,1134575
Latvia,LVA,2001,1122459
Latvia,LVA,2002,1110009
Latvia,LVA,2003,1098642
Latvia,LVA,2004,1088228
Latvia,LVA,2005,1077754
Latvia,LVA,2006,1022644
Latvia,LVA,2007,968148
Latvia,LVA,2008,914358
Latvia,LVA,2009,861386
Latvia,LVA,2010,809290
Latvia,LVA,2011,758104
Latvia,LVA,2012,707795
Latvia,LVA,2013,658295
Latvia,LVA,2014,609533
Latvia,LVA,2015,558505
Latvia,LVA,2016,508051
Latvia,LVA,2017,458204
Latvia,LVA,2018,409055
Latvia,LVA,2019,360631
Latvia,LVA,2020,312928
Least Developed Countries,,2000,546356968
Least Developed Countries,,2001,556461213
Least Developed Countries,,2002,567499481
Least Developed Countries,,2003,577974969
Least Developed Countries,,2004,588518850
Least Developed Countries,,2005,598809884
Least Developed Countries,,2006,609024490
Least Developed Countries,,2007,619228407
Least Developed Countries,,2008,629334695
Least Developed Countries,,2009,639958999
Least Developed Countries,,2010,650821718
Least Developed Countries,,2011,671345669
Least Developed Countries,,2012,683076555
Least Developed Countries,,2013,693911741
Least Developed Countries,,2014,706059913
Least Developed Countries,,2015,718332970
Least Developed Countries,,2016,730616054
Least Developed Countries,,2017,744410824
Least Developed Countries,,2018,757481338
Least Developed Countries,,2019,770894665
Least Developed Countries,,2020,785300957
Lebanon,LBN,2000,3480575
Lebanon,LBN,2001,3614829
Lebanon,LBN,2002,3788013
Lebanon,LBN,2003,3956236
Lebanon,LBN,2004,4100131
Lebanon,LBN,2005,4196401
Lebanon,LBN,2006,4230795
Lebanon,LBN,2007,4217423
Lebanon,LBN,2008,4195016
Lebanon,LBN,2009,4217215
Lebanon,LBN,2010,4319018
Lebanon,LBN,2011,4514157
Lebanon,LBN,2012,4782012
Lebanon,LBN,2013,5081235
Lebanon,LBN,2014,5353889
Lebanon,LBN,2015,5558603
Lebanon,LBN,2016,5684793
Lebanon,LBN,2017,5744998
Lebanon,LBN,2018,5749782
Lebanon,LBN,2019,5722164
Lebanon,LBN,2020,5714072
Lesotho,LSO,2000,1891402
Lesotho,LSO,2001,1847444
Lesotho,LSO,2002,1795775
Lesotho,LSO,2003,1740650
Lesotho,LSO,2004,1685795
Lesotho,LSO,2005,1634228
Lesotho,LSO,2006,1586545
Lesotho,LSO,2007,1542203
Lesotho,LSO,2008,1500917
Lesotho,LSO,2009,1462188
Lesotho,LSO,2010,1425584
Lesotho,LSO,2011,1391202
Lesotho,LSO,2012,1358952
Lesotho,LSO,2013,1328255
Lesotho,LSO,2014,1298369
Lesotho,LSO,2015,1268771
Lesotho,LSO,2016,1239329
Lesotho,LSO,2017,1210023
Lesotho,LSO,2018,1180764
Lesotho,LSO,2019,1151461
Lesotho,LSO,2020,1122075
Libya,LBY,2000,4027427
Libya,LBY,2001,4102453
Libya,LBY,2002,4179704
Libya,LBY,2003,4258517
Libya,LBY,2004,4337817
Libya,LBY,2005,4416587
Libya,LBY,2006,4495562
Libya,LBY,2007,4574624
Libya,LBY,2008,4650998
Libya,LBY,2009,4721006
Libya,LBY,2010,4782389
Libya,LBY,2011,4833266
Libya,LBY,2012,4875455
Libya,LBY,2013,4914908
Libya,LBY,2014,4960027
Libya,LBY,2015,5016714
Libya,LBY,2016,5088811
Libya,LBY,2017,5158198
Libya,LBY,2018,5234856
Libya,LBY,2019,5312368
Libya,LBY,2020,5385918
Liechtenstein,LIE,2000,415
Liechtenstein,LIE,2001,419
Liechtenstein,LIE,2002,424
Liechtenstein,LIE,2003,427
Liechtenstein,LIE,2004,431
Liechtenstein,LIE,2005,434
Liechtenstein,LIE,2006,437
Liechtenstein,LIE,2007,440
Liechtenstein,LIE,2008,443
Liechtenstein,LIE,2009,447
Liechtenstein,LIE,2010,450
Liechtenstein,LIE,2011,454
Liechtenstein,LIE,2012,458
Liechtenstein,LIE,2013,462
Liechtenstein,LIE,2014,465
Liechtenstein,LIE,2015,468
Liechtenstein,LIE,2016,471
Liechtenstein,LIE,2017,473
Liechtenstein,LIE,2018,474
Liechtenstein,LIE,2019,475
Liechtenstein,LIE,2020,477
Lithuania,LTU,2000,716592
Lithuania,LTU,2001,694935
Lithuania,LTU,2002,673567
Lithuania,LTU,2003,652114
Lithuania,LTU,2004,630364
Lithuania,LTU,2005,607653
Lithuania,LTU,2006,584028
Lithuania,LTU,2007,560252
Lithuania,LTU,2008,536650
Lithuania,LTU,2009,514046
Lithuania,LTU,2010,492627
Lithuania,LTU,2011,446497
Lithuania,LTU,2012,400525
Lithuania,LTU,2013,355340
Lithuania,LTU,2014,310409
Lithuania,LTU,2015,266164
Lithuania,LTU,2016,222611
Lithuania,LTU,2017,189117
Lithuania,LTU,2018,171004
Lithuania,LTU,2019,167912
Lithuania,LTU,2020,165051
Low income,,2000,339485133
Low income,,2001,348378743
Low income,,2002,362426966
Low income,,2003,371733327
Low income,,2004,381324142
Low income,,2005,390829803
Low income,,2006,400556679
Low income,,2007,410511100
Low income,,2008,420539552
Low income,,2009,430709379
Low income,,2010,440876401
Low income,,2011,460249932
Low income,,2012,470523482
Low income,,2013,480822528
Low income,,2014,491317965
Low income,,2015,502144333
Low income,,2016,513119024
Low income,,2017,524426746
Low income,,2018,536393336
Low income,,2019,548726317
Low income,,2020,561697736
Lower-middle income,,2000,1783265401
Lower-middle income,,2001,1796516882
Lower-middle income,,2002,1808413261
Lower-middle income,,2003,1810203785
Lower-middle income,,2004,1803990733
Lower-middle income,,2005,1802716981
Lower-middle income,,2006,1800610620
Lower-middle income,,2007,1796187314
Lower-middle income,,2008,1790710895
Lower-middle income,,2009,1783562559
Lower-middle income,,2010,1775243983
Lower-middle income,,2011,1765709784
Lower-middle income,,2012,1755108861
Lower-middle income,,2013,1743505482
Lower-middle income,,2014,1731009383
Lower-middle income,,2015,1717568934
Lower-middle income,,2016,1703114134
Lower-middle income,,2017,1687784366
Lower-middle income,,2018,1673094999
Lower-middle income,,2019,1658617808
Lower-middle income,,2020,1644161060
Luxembourg,LUX,2000,39763
Luxembourg,LUX,2001,39937
Luxembourg,LUX,2002,40112
Luxembourg,LUX,2003,40293
Luxembourg,LUX,2004,40561
Luxembourg,LUX,2005,40968
Luxembourg,LUX,2006,41530
Luxembourg,LUX,2007,42228
Luxembourg,LUX,2008,43028
Luxembourg,LUX,2009,40831
Luxembourg,LUX,2010,38508
Luxembourg,LUX,2011,36046
Luxembourg,LUX,2012,33447
Luxembourg,LUX,2013,30714
Luxembourg,LUX,2014,27846
Luxembourg,LUX,2015,24839
Luxembourg,LUX,2016,21691
Luxembourg,LUX,2017,19385
Luxembourg,LUX,2018,19664
Luxembourg,LUX,2019,19917
Luxembourg,LUX,2020,20131
Macao,MAC,2000,193686
Macao,MAC,2001,198284
Macao,MAC,2002,203213
Macao,MAC,2003,208349
Macao,MAC,2004,213530
Macao,MAC,2005,218630
Macao,MAC,2006,223584
Macao,MAC,2007,228428
Macao,MAC,2008,233286
Macao,MAC,2009,238343
Macao,MAC,2010,237898
Macao,MAC,2011,237545
Macao,MAC,2012,237167
Macao,MAC,2013,236557
Macao,MAC,2014,235465
Macao,MAC,2015,233724
Macao,MAC,2016,231292
Macao,MAC,2017,228271
Macao,MAC,2018,224792
Macao,MAC,2019,221033
Macao,MAC,2020,217113
Madagascar,MDG,2000,15221471
Madagascar,MDG,2001,15637920
Madagascar,MDG,2002,16060262
Madagascar,MDG,2003,16491912
Madagascar,MDG,2004,16929904
Madagascar,MDG,2005,17370856
Madagascar,MDG,2006,17817717
Madagascar,MDG,2007,18270335
Madagascar,MDG,2008,18728619
Madagascar,MDG,2009,19192544
Madagascar,MDG,2010,19662220
Madagascar,MDG,2011,20137522
Madagascar,MDG,2012,20618889
Madagascar,MDG,2013,21107751
Madagascar,MDG,2014,21605914
Madagascar,MDG,2015,22114707
Madagascar,MDG,2016,22634515
Madagascar,MDG,2017,23165015
Madagascar,MDG,2018,23705924
Madagascar,MDG,2019,24256756
Madagascar,MDG,2020,24816959
Malawi,MWI,2000,9010098
Malawi,MWI,2001,9209940
Malawi,MWI,2002,9407571
Malawi,MWI,2003,9607681
Malawi,MWI,2004,9818446
Malawi,MWI,2005,10045572
Malawi,MWI,2006,10289830
Malawi,MWI,2007,10548458
Malawi,MWI,2008,10819427
Malawi,MWI,2009,11099507
Malawi,MWI,2010,11386261
Malawi,MWI,2011,11679506
Malawi,MWI,2012,11979424
Malawi,MWI,2013,12284375
Malawi,MWI,2014,12592460
Malawi,MWI,2015,12902465
Malawi,MWI,2016,13213393
Malawi,MWI,2017,13525813
Malawi,MWI,2018,13842070
Malawi,MWI,2019,14165499
Malawi,MWI,2020,14498415
Malaysia,MYS,2000,7967592
Malaysia,MYS,2001,8093935
Malaysia,MYS,2002,8213746
Malaysia,MYS,2003,8329431
Malaysia,MYS,2004,8444521
Malaysia,MYS,2005,8561324
Malaysia,MYS,2006,8680878
Malaysia,MYS,2007,8801751
Malaysia,MYS,2008,8823492
Malaysia,MYS,2009,8835059
Malaysia,MYS,2010,8732900
Malaysia,MYS,2011,8612188
Malaysia,MYS,2012,8474249
Malaysia,MYS,2013,8322183
Malaysia,MYS,2014,8160017
Malaysia,MYS,2015,8038624
Malaysia,MYS,2016,7890598
Malaysia,MYS,2017,7507788
Malaysia,MYS,2018,7108580
Mali,MLI,2000,10275344
Mali,MLI,2001,10509268
Mali,MLI,2002,10756394
Mali,MLI,2003,11016673
Mali,MLI,2004,11289761
Mali,MLI,2005,11574753
Mali,MLI,2006,11872523
Mali,MLI,2007,12181549
Mali,MLI,2008,12496010
Mali,MLI,2009,12808796
Mali,MLI,2010,13114472
Mali,MLI,2011,13410698
Mali,MLI,2012,13699589
Mali,MLI,2013,13986145
Mali,MLI,2014,14277527
Mali,MLI,2015,14578668
Mali,MLI,2016,14890816
Mali,MLI,2017,15212108
Mali,MLI,2018,15542157
Mali,MLI,2019,15877975
Mali,MLI,2020,16215928
Malta,MLT,2000,32012
Malta,MLT,2001,32229
Malta,MLT,2002,32424
Malta,MLT,2003,32598
Malta,MLT,2004,32757
Malta,MLT,2005,32907
Malta,MLT,2006,33043
Malta,MLT,2007,33167
Malta,MLT,2008,33300
Malta,MLT,2009,33468
Malta,MLT,2010,33687
Malta,MLT,2011,33969
Malta,MLT,2012,34302
Malta,MLT,2013,34654
Malta,MLT,2014,34983
Malta,MLT,2015,35257
Malta,MLT,2016,35464
Malta,MLT,2017,35613
Malta,MLT,2018,35720
Malta,MLT,2019,35812
Malta,MLT,2020,35906
Mexico,MEX,2000,81267597
Mexico,MEX,2001,82279520
Mexico,MEX,2002,83281051
Mexico,MEX,2003,82475669
Mexico,MEX,2004,81609732
Mexico,MEX,2005,80694150
Mexico,MEX,2006,79730573
Mexico,MEX,2007,78707166
Mexico,MEX,2008,77604479
Mexico,MEX,2009,76398327
Mexico,MEX,2010,75071693
Mexico,MEX,2011,73619722
Mexico,MEX,2012,72044676
Mexico,MEX,2013,70345539
Mexico,MEX,2014,68523096
Mexico,MEX,2015,66578045
Mexico,MEX,2016,64509020
Mexico,MEX,2017,62315394
Mexico,MEX,2018,59998398
Mexico,MEX,2019,57559882
Mexico,MEX,2020,55001289
Monaco,MCO,2000,0
Monaco,MCO,2001,0
Monaco,MCO,2002,0
Monaco,MCO,2003,0
Monaco,MCO,2004,0
Monaco,MCO,2005,0
Monaco,MCO,2006,0
Monaco,MCO,2007,0
Monaco,MCO,2008,0
Monaco,MCO,2009,0
Monaco,MCO,2010,0
Monaco,MCO,2011,0
Monaco,MCO,2012,0
Monaco,MCO,2013,0
Monaco,MCO,2014,0
Monaco,MCO,2015,0
Monaco,MCO,2016,0
Monaco,MCO,2017,0
Monaco,MCO,2018,0
Monaco,MCO,2019,0
Monaco,MCO,2020,0
Mongolia,MNG,2000,1599780
Mongolia,MNG,2001,1603723
Mongolia,MNG,2002,1608687
Mongolia,MNG,2003,1614887
Mongolia,MNG,2004,1608275
Mongolia,MNG,2005,1602665
Mongolia,MNG,2006,1597974
Mongolia,MNG,2007,1594243
Mongolia,MNG,2008,1591759
Mongolia,MNG,2009,1590878
Mongolia,MNG,2010,1591715
Mongolia,MNG,2011,1582408
Mongolia,MNG,2012,1574296
Mongolia,MNG,2013,1565592
Mongolia,MNG,2014,1555357
Mongolia,MNG,2015,1542855
Mongolia,MNG,2016,1527860
Mongolia,MNG,2017,1510314
Mongolia,MNG,2018,1489910
Mongolia,MNG,2019,1466498
Mongolia,MNG,2020,1457571
Montenegro,MNE,2006,443998
Montenegro,MNE,2007,436182
Montenegro,MNE,2008,428455
Montenegro,MNE,2009,420678
Montenegro,MNE,2010,412768
Montenegro,MNE,2011,404687
Montenegro,MNE,2012,396463
Montenegro,MNE,2013,388164
Montenegro,MNE,2014,379887
Montenegro,MNE,2015,371699
Montenegro,MNE,2016,363604
Montenegro,MNE,2017,355586
Montenegro,MNE,2018,347647
Montenegro,MNE,2019,341456
Montenegro,MNE,2020,342682
Morocco,MAR,2000,19535399
Morocco,MAR,2001,19663649
Morocco,MAR,2002,19727738
Morocco,MAR,2003,19784642
Morocco,MAR,2004,19837073
Morocco,MAR,2005,19947622
Morocco,MAR,2006,20075213
Morocco,MAR,2007,20207160
Morocco,MAR,2008,20346184
Morocco,MAR,2009,20495386
Morocco,MAR,2010,20656362
Morocco,MAR,2011,20830359
Morocco,MAR,2012,21015487
Morocco,MAR,2013,21206676
Morocco,MAR,2014,21396962
Morocco,MAR,2015,21581220
Morocco,MAR,2016,21757531
Morocco,MAR,2017,21926581
Morocco,MAR,2018,22088786
Morocco,MAR,2019,22245476
Morocco,MAR,2020,22397471
Myanmar,MMR,2000,19444160
Myanmar,MMR,2001,19398578
Myanmar,MMR,2002,19442716
Myanmar,MMR,2003,19473720
Myanmar,MMR,2004,19491603
Myanmar,MMR,2005,19497140
Myanmar,MMR,2006,19489045
Myanmar,MMR,2007,19469085
Myanmar,MMR,2008,19444765
Myanmar,MMR,2009,19574366
Myanmar,MMR,2010,19717099
Myanmar,MMR,2011,19876754
Myanmar,MMR,2012,20051042
Myanmar,MMR,2013,20233127
Myanmar,MMR,2014,20412913
Myanmar,MMR,2015,20583781
Myanmar,MMR,2016,20743294
Myanmar,MMR,2017,20894959
Myanmar,MMR,2018,21045215
Myanmar,MMR,2019,21203280
Myanmar,MMR,2020,21375748
Nepal,NPL,2000,21755769
Nepal,NPL,2001,21582637
Nepal,NPL,2002,21532473
Nepal,NPL,2003,21440200
Nepal,NPL,2004,21311979
Nepal,NPL,2005,21151177
Nepal,NPL,2006,20966443
Nepal,NPL,2007,20755004
Nepal,NPL,2008,20497219
Nepal,NPL,2009,20168202
Nepal,NPL,2010,19756695
Nepal,NPL,2011,19257319
Nepal,NPL,2012,18690954
Nepal,NPL,2013,18102689
Nepal,NPL,2014,17547333
Nepal,NPL,2015,17058078
Nepal,NPL,2016,16639376
Nepal,NPL,2017,16271372
Nepal,NPL,2018,15930685
Nepal,NPL,2019,15586949
Nepal,NPL,2020,14964421
Netherlands,NLD,2000,407551
Netherlands,NLD,2001,409875
Netherlands,NLD,2002,412195
Netherlands,NLD,2003,414473
Netherlands,NLD,2004,416105
Netherlands,NLD,2005,417572
Netherlands,NLD,2006,418857
Netherlands,NLD,2007,419978
Netherlands,NLD,2008,420967
Netherlands,NLD,2009,421867
Netherlands,NLD,2010,422720
Netherlands,NLD,2011,423541
Netherlands,NLD,2012,424319
Netherlands,NLD,2013,425046
Netherlands,NLD,2014,425707
Netherlands,NLD,2015,426290
Netherlands,NLD,2016,426789
Netherlands,NLD,2017,427218
Netherlands,NLD,2018,427593
Netherlands,NLD,2019,427951
Netherlands,NLD,2020,428875
New Zealand,NZL,2000,988489
New Zealand,NZL,2001,979532
New Zealand,NZL,2002,971515
New Zealand,NZL,2003,963685
New Zealand,NZL,2004,955009
New Zealand,NZL,2005,944834
New Zealand,NZL,2006,932993
New Zealand,NZL,2007,919783
New Zealand,NZL,2008,905536
New Zealand,NZL,2009,890722
New Zealand,NZL,2010,875632
New Zealand,NZL,2011,860304
New Zealand,NZL,2012,844571
New Zealand,NZL,2013,852032
New Zealand,NZL,2014,859341
New Zealand,NZL,2015,866326
New Zealand,NZL,2016,872941
New Zealand,NZL,2017,879246
New Zealand,NZL,2018,885303
New Zealand,NZL,2019,891083
New Zealand,NZL,2020,858796
Niger,NER,2000,10671549
Niger,NER,2001,10981796
Niger,NER,2002,11305422
Niger,NER,2003,11640646
Niger,NER,2004,11988304
Niger,NER,2005,12363280
Niger,NER,2006,12755752
Niger,NER,2007,13164291
Niger,NER,2008,13590721
Niger,NER,2009,14037180
Niger,NER,2010,14505290
Niger,NER,2011,14995977
Niger,NER,2012,15508880
Niger,NER,2013,16043016
Niger,NER,2014,16595938
Niger,NER,2015,17166304
Niger,NER,2016,17754110
Niger,NER,2017,18359772
Niger,NER,2018,18983546
Niger,NER,2019,19625617
Niger,NER,2020,20288210
Nigeria,NGA,2000,96236007
Nigeria,NGA,2001,98684484
Nigeria,NGA,2002,100740014
Nigeria,NGA,2003,102820985
Nigeria,NGA,2004,104950941
Nigeria,NGA,2005,107134263
Nigeria,NGA,2006,109370675
Nigeria,NGA,2007,111656451
Nigeria,NGA,2008,113987696
Nigeria,NGA,2009,116359034
Nigeria,NGA,2010,118764499
Nigeria,NGA,2011,121201320
Nigeria,NGA,2012,123664427
Nigeria,NGA,2013,126143856
Nigeria,NGA,2014,128627682
Nigeria,NGA,2015,131105902
Nigeria,NGA,2016,133573020
Nigeria,NGA,2017,136025154
Nigeria,NGA,2018,138457667
Nigeria,NGA,2019,140866417
Nigeria,NGA,2020,143247463
North America and Europe,,2000,306178513
North America and Europe,,2001,305259547
North America and Europe,,2002,303506044
North America and Europe,,2003,301622212
North America and Europe,,2004,299401773
North America and Europe,,2005,297298245
North America and Europe,,2006,295805771
North America and Europe,,2007,293823522
North America and Europe,,2008,291843466
North America and Europe,,2009,288729494
North America and Europe,,2010,284787833
North America and Europe,,2011,280746344
North America and Europe,,2012,276735039
North America and Europe,,2013,272753568
North America and Europe,,2014,268801008
North America and Europe,,2015,264978357
North America and Europe,,2016,261176140
North America and Europe,,2017,257385439
North America and Europe,,2018,253733127
North America and Europe,,2019,250398481
North America and Europe,,2020,248431624
North Macedonia,MKD,2000,1772675
North Macedonia,MKD,2001,1779377
North Macedonia,MKD,2002,1784390
North Macedonia,MKD,2003,1788018
North Macedonia,MKD,2004,1790879
North Macedonia,MKD,2005,1794331
North Macedonia,MKD,2006,1797489
North Macedonia,MKD,2007,1800187
North Macedonia,MKD,2008,1802606
North Macedonia,MKD,2009,1804919
North Macedonia,MKD,2010,1807273
North Macedonia,MKD,2011,1809722
North Macedonia,MKD,2012,1812270
North Macedonia,MKD,2013,1814885
North Macedonia,MKD,2014,1817505
North Macedonia,MKD,2015,1820056
North Macedonia,MKD,2016,1822560
North Macedonia,MKD,2017,1825003
North Macedonia,MKD,2018,1828878
North Macedonia,MKD,2019,1829601
North Macedonia,MKD,2020,1829276
Norway,NOR,2000,1864471
Norway,NOR,2001,1859239
Norway,NOR,2002,1853448
Norway,NOR,2003,1847952
Norway,NOR,2004,1843871
Norway,NOR,2005,1841959
Norway,NOR,2006,1842332
Norway,NOR,2007,1844655
Norway,NOR,2008,1848638
Norway,NOR,2009,1853851
Norway,NOR,2010,1859860
Norway,NOR,2011,1866725
Norway,NOR,2012,1874220
Norway,NOR,2013,1881359
Norway,NOR,2014,1886926
Norway,NOR,2015,1890109
Norway,NOR,2016,1890533
Norway,NOR,2017,1888508
Norway,NOR,2018,1884804
Norway,NOR,2019,1880507
Norway,NOR,2020,1876393
Palestine,PSE,2000,1817657
Palestine,PSE,2001,1861589
Palestine,PSE,2002,1896496
Palestine,PSE,2003,1926444
Palestine,PSE,2004,1950550
Palestine,PSE,2005,1977096
Palestine,PSE,2006,1989715
Palestine,PSE,2007,1986443
Palestine,PSE,2008,1983367
Palestine,PSE,2009,1977367
Palestine,PSE,2010,1966532
Palestine,PSE,2011,1950584
Palestine,PSE,2012,1930514
Palestine,PSE,2013,1907345
Palestine,PSE,2014,1882400
Palestine,PSE,2015,1856464
Palestine,PSE,2016,1829496
Palestine,PSE,2017,1800881
Palestine,PSE,2018,1770058
Palestine,PSE,2019,1736296
Palestine,PSE,2020,1699119
Paraguay,PRY,2000,2981999
Paraguay,PRY,2001,2988653
Paraguay,PRY,2002,2993853
Paraguay,PRY,2003,2998120
Paraguay,PRY,2004,2999674
Paraguay,PRY,2005,2998073
Paraguay,PRY,2006,2993256
Paraguay,PRY,2007,2985624
Paraguay,PRY,2008,2976055
Paraguay,PRY,2009,2965673
Paraguay,PRY,2010,2955243
Paraguay,PRY,2011,2945010
Paraguay,PRY,2012,2934791
Paraguay,PRY,2013,2924282
Paraguay,PRY,2014,2913156
Paraguay,PRY,2015,2901239
Paraguay,PRY,2016,2888532
Paraguay,PRY,2017,2875336
Paraguay,PRY,2018,2864313
Paraguay,PRY,2019,2851661
Paraguay,PRY,2020,2844013
Peru,PER,2000,23641027
Peru,PER,2001,23493608
Peru,PER,2002,23288939
Peru,PER,2003,23034756
Peru,PER,2004,22741643
Peru,PER,2005,22417805
Peru,PER,2006,22066787
Peru,PER,2007,21689604
Peru,PER,2008,21292094
Peru,PER,2009,20875067
Peru,PER,2010,20439328
Peru,PER,2011,19982310
Peru,PER,2012,19506390
Peru,PER,2013,19023067
Peru,PER,2014,18545459
Peru,PER,2015,18078622
Peru,PER,2016,17624036
Peru,PER,2017,17169345
Peru,PER,2018,16690181
Peru,PER,2019,16158890
Peru,PER,2020,15559541
Philippines,PHL,2000,44318374
Philippines,PHL,2001,44997144
Philippines,PHL,2002,45669905
Philippines,PHL,2003,46327037
Philippines,PHL,2004,46956110
Philippines,PHL,2005,47549260
Philippines,PHL,2006,48101200
Philippines,PHL,2007,48080843
Philippines,PHL,2008,48008785
Philippines,PHL,2009,47903664
Philippines,PHL,2010,47777945
Philippines,PHL,2011,47553366
Philippines,PHL,2012,47284496
Philippines,PHL,2013,46976659
Philippines,PHL,2014,46613194
Philippines,PHL,2015,46183449
Philippines,PHL,2016,45684923
Philippines,PHL,2017,45123766
Philippines,PHL,2018,44506324
Philippines,PHL,2019,43840917
Philippines,PHL,2020,43133228
Poland,POL,2000,7992159
Poland,POL,2001,7743821
Poland,POL,2002,7495485
Poland,POL,2003,7260833
Poland,POL,2004,7004688
Poland,POL,2005,6749505
Poland,POL,2006,6496264
Poland,POL,2007,6244399
Poland,POL,2008,5992252
Poland,POL,2009,5737635
Poland,POL,2010,5479516
Poland,POL,2011,5217757
Poland,POL,2012,4954296
Poland,POL,2013,4689246
Poland,POL,2014,4424238
Poland,POL,2015,4159971
Poland,POL,2016,3895107
Poland,POL,2017,3735375
Poland,POL,2018,3659162
Poland,POL,2019,3605080
Poland,POL,2020,3579546
Portugal,PRT,2000,5079773
Portugal,PRT,2001,5083991
Portugal,PRT,2002,5088554
Portugal,PRT,2003,5092712
Portugal,PRT,2004,4885641
Portugal,PRT,2005,4673541
Portugal,PRT,2006,4456822
Portugal,PRT,2007,4235407
Portugal,PRT,2008,4007998
Portugal,PRT,2009,3773320
Portugal,PRT,2010,3531129
Portugal,PRT,2011,3282010
Portugal,PRT,2012,3027928
Portugal,PRT,2013,2771746
Portugal,PRT,2014,2516276
Portugal,PRT,2015,2263096
Portugal,PRT,2016,2012325
Portugal,PRT,2017,1771453
Portugal,PRT,2018,1555504
Portugal,PRT,2019,1538198
Portugal,PRT,2020,1521210
Puerto Rico,PRI,2000,2475132
Puerto Rico,PRI,2001,2476126
Puerto Rico,PRI,2002,2472168
Puerto Rico,PRI,2003,2465056
Puerto Rico,PRI,2004,2457274
Puerto Rico,PRI,2005,2450526
Puerto Rico,PRI,2006,2445140
Puerto Rico,PRI,2007,2440199
Puerto Rico,PRI,2008,2434671
Puerto Rico,PRI,2009,2426992
Puerto Rico,PRI,2010,2415808
Puerto Rico,PRI,2011,2402404
Puerto Rico,PRI,2012,2386764
Puerto Rico,PRI,2013,2364769
Puerto Rico,PRI,2014,2330909
Puerto Rico,PRI,2015,2282211
Puerto Rico,PRI,2016,2215806
Puerto Rico,PRI,2017,2135191
Puerto Rico,PRI,2018,2051450
Puerto Rico,PRI,2019,1979779
Puerto Rico,PRI,2020,1930805
Qatar,QAT,2000,171223
Qatar,QAT,2001,177739
Qatar,QAT,2002,185212
Qatar,QAT,2003,197038
Qatar,QAT,2004,217713
Qatar,QAT,2005,250103
Qatar,QAT,2006,295561
Qatar,QAT,2007,352129
Qatar,QAT,2008,415198
Qatar,QAT,2009,430285
Qatar,QAT,2010,428812
Qatar,QAT,2011,411244
Qatar,QAT,2012,379921
Qatar,QAT,2013,336467
Qatar,QAT,2014,282808
Qatar,QAT,2015,220651
Qatar,QAT,2016,151300
Qatar,QAT,2017,76292
Qatar,QAT,2018,77887
Qatar,QAT,2019,79298
Qatar,QAT,2020,80670
Romania,ROU,2001,10556235
Romania,ROU,2002,10495624
Romania,ROU,2003,10423217
Romania,ROU,2004,10179634
Romania,ROU,2005,9917895
Romania,ROU,2006,9496261
Romania,ROU,2007,9057606
Romania,ROU,2008,8608449
Romania,ROU,2009,8156495
Romania,ROU,2010,7706084
Romania,ROU,2011,7258170
Romania,ROU,2012,6815942
Romania,ROU,2013,6370452
Romania,ROU,2014,5913201
Romania,ROU,2015,5440138
Romania,ROU,2016,4951392
Romania,ROU,2017,4449851
Romania,ROU,2018,3938374
Romania,ROU,2019,3420028
Romania,ROU,2020,3243271
Russia,RUS,2000,65332792
Russia,RUS,2001,64684782
Russia,RUS,2002,64020836
Russia,RUS,2003,63353597
Russia,RUS,2004,62717956
Russia,RUS,2005,62137166
Russia,RUS,2006,61617943
Russia,RUS,2007,61155759
Russia,RUS,2008,60744338
Russia,RUS,2009,60372778
Russia,RUS,2010,60030864
Russia,RUS,2011,59717032
Russia,RUS,2012,59425900
Russia,RUS,2013,59146513
Russia,RUS,2014,58864925
Russia,RUS,2015,58570792
Russia,RUS,2016,58259998
Russia,RUS,2017,57930769
Russia,RUS,2018,57577833
Russia,RUS,2019,57394587
Russia,RUS,2020,57180962
Samoa,WSM,2000,91013
Samoa,WSM,2001,91522
Samoa,WSM,2002,92026
Samoa,WSM,2003,92534
Samoa,WSM,2004,93065
Samoa,WSM,2005,93341
Samoa,WSM,2006,93626
Samoa,WSM,2007,93917
Samoa,WSM,2008,94678
Samoa,WSM,2009,95469
Samoa,WSM,2010,96318
Samoa,WSM,2011,97237
Samoa,WSM,2012,98204
Samoa,WSM,2013,99171
Samoa,WSM,2014,100081
Samoa,WSM,2015,100878
Samoa,WSM,2016,101541
Samoa,WSM,2017,102094
Samoa,WSM,2018,102627
Samoa,WSM,2019,103082
Samoa,WSM,2020,103726
San Marino,SMR,2000,8136
San Marino,SMR,2001,8242
San Marino,SMR,2002,8348
San Marino,SMR,2003,8462
San Marino,SMR,2004,8575
San Marino,SMR,2005,8688
San Marino,SMR,2006,8798
San Marino,SMR,2007,8909
San Marino,SMR,2008,9017
San Marino,SMR,2009,9133
San Marino,SMR,2010,9250
San Marino,SMR,2011,9379
San Marino,SMR,2012,9512
San Marino,SMR,2013,9645
San Marino,SMR,2014,9760
San Marino,SMR,2015,9857
San Marino,SMR,2016,9926
San Marino,SMR,2017,9976
San Marino,SMR,2018,10010
San Marino,SMR,2019,10033
San Marino,SMR,2020,10055
Sao Tome and Principe,STP,2000,124259
Sao Tome and Principe,STP,2001,124887
Sao Tome and Principe,STP,2002,125600
Sao Tome and Principe,STP,2003,126470
Sao Tome and Principe,STP,2004,127584
Sao Tome and Principe,STP,2005,129013
Sao Tome and Principe,STP,2006,130727
Sao Tome and Principe,STP,2007,132670
Sao Tome and Principe,STP,2008,134662
Sao Tome and Principe,STP,2009,136482
Sao Tome and Principe,STP,2010,137989
Sao Tome and Principe,STP,2011,139125
Sao Tome and Principe,STP,2012,139955
Sao Tome and Principe,STP,2013,140555
Sao Tome and Principe,STP,2014,141046
Sao Tome and Principe,STP,2015,141494
Sao Tome and Principe,STP,2016,141905
Sao Tome and Principe,STP,2017,142285
Sao Tome and Principe,STP,2018,142630
Sao Tome and Principe,STP,2019,142930
Sao Tome and Principe,STP,2020,143200
Saudi Arabia,SAU,2000,12959271
Saudi Arabia,SAU,2001,13297182
Saudi Arabia,SAU,2002,13675149
Saudi Arabia,SAU,2003,13811589
Saudi Arabia,SAU,2004,13947152
Saudi Arabia,SAU,2005,14070737
Saudi Arabia,SAU,2006,14176980
Saudi Arabia,SAU,2007,14269043
Saudi Arabia,SAU,2008,14354274
Saudi Arabia,SAU,2009,14442964
Saudi Arabia,SAU,2010,14539876
Saudi Arabia,SAU,2011,14646093
Saudi Arabia,SAU,2012,14752655
Saudi Arabia,SAU,2013,14842578
Saudi Arabia,SAU,2014,14895056
Saudi Arabia,SAU,2015,14896776
Saudi Arabia,SAU,2016,14844633
Saudi Arabia,SAU,2017,14744604
Saudi Arabia,SAU,2018,14624532
Saudi Arabia,SAU,2019,14444571
Saudi Arabia,SAU,2020,14234146
Senegal,SEN,2000,8430461
Senegal,SEN,2001,8601533
Senegal,SEN,2002,8778238
Senegal,SEN,2003,8961631
Senegal,SEN,2004,9152398
Senegal,SEN,2005,9351165
Senegal,SEN,2006,9558418
Senegal,SEN,2007,9774516
Senegal,SEN,2008,9999491
Senegal,SEN,2009,10233202
Senegal,SEN,2010,10437078
Senegal,SEN,2011,10645865
Senegal,SEN,2012,10859138
Senegal,SEN,2013,11076370
Senegal,SEN,2014,11296918
Senegal,SEN,2015,11520074
Senegal,SEN,2016,11745468
Senegal,SEN,2017,11972310
Senegal,SEN,2018,12198997
Senegal,SEN,2019,12423651
Senegal,SEN,2020,12704668
Serbia,SRB,2000,7327530
Serbia,SRB,2001,7301936
Serbia,SRB,2002,7285277
Serbia,SRB,2003,7275746
Serbia,SRB,2004,7269229
Serbia,SRB,2005,7263815
Serbia,SRB,2006,7251222
Serbia,SRB,2007,7240621
Serbia,SRB,2008,7232381
Serbia,SRB,2009,7227102
Serbia,SRB,2010,7225070
Serbia,SRB,2011,7225796
Serbia,SRB,2012,7223727
Serbia,SRB,2013,7223115
Serbia,SRB,2014,7222769
Serbia,SRB,2015,7221444
Serbia,SRB,2016,7218815
Serbia,SRB,2017,7214755
Serbia,SRB,2018,7208926
Serbia,SRB,2019,7173095
Serbia,SRB,2020,7133727
Sierra Leone,SLE,2000,4183196
Sierra Leone,SLE,2001,4325001
Sierra Leone,SLE,2002,4504143
Sierra Leone,SLE,2003,4703457
Sierra Leone,SLE,2004,4900667
Sierra Leone,SLE,2005,5077117
Sierra Leone,SLE,2006,5226951
Sierra Leone,SLE,2007,5355026
Sierra Leone,SLE,2008,5467558
Sierra Leone,SLE,2009,5575016
Sierra Leone,SLE,2010,5685050
Sierra Leone,SLE,2011,5798451
Sierra Leone,SLE,2012,5912583
Sierra Leone,SLE,2013,6027712
Sierra Leone,SLE,2014,6143588
Sierra Leone,SLE,2015,6260027
Sierra Leone,SLE,2016,6377537
Sierra Leone,SLE,2017,6496453
Sierra Leone,SLE,2018,6616310
Sierra Leone,SLE,2019,6736410
Sierra Leone,SLE,2020,6856223
Singapore,SGP,2000,0
Singapore,SGP,2001,0
Singapore,SGP,2002,0
Singapore,SGP,2003,0
Singapore,SGP,2004,0
Singapore,SGP,2005,0
Singapore,SGP,2006,0
Singapore,SGP,2007,0
Singapore,SGP,2008,0
Singapore,SGP,2009,0
Singapore,SGP,2010,0
Singapore,SGP,2011,0
Singapore,SGP,2012,0
Singapore,SGP,2013,0
Singapore,SGP,2014,0
Singapore,SGP,2015,0
Singapore,SGP,2016,0
Singapore,SGP,2017,0
Singapore,SGP,2018,0
Singapore,SGP,2019,0
Singapore,SGP,2020,0
Slovakia,SVK,2000,776463
Slovakia,SVK,2001,776611
Slovakia,SVK,2002,777403
Slovakia,SVK,2003,786016
Slovakia,SVK,2004,800626
Slovakia,SVK,2005,815245
Slovakia,SVK,2006,829891
Slovakia,SVK,2007,844587
Slovakia,SVK,2008,859382
Slovakia,SVK,2009,874372
Slovakia,SVK,2010,890440
Slovakia,SVK,2011,906727
Slovakia,SVK,2012,922418
Slovakia,SVK,2013,938293
Slovakia,SVK,2014,954250
Slovakia,SVK,2015,961034
Slovakia,SVK,2016,967555
Slovakia,SVK,2017,973802
Slovakia,SVK,2018,980110
Slovakia,SVK,2019,986028
Slovakia,SVK,2020,986285
Slovenia,SVN,2000,1496856
Slovenia,SVN,2001,1456370
Slovenia,SVN,2002,1414813
Slovenia,SVN,2003,1372678
Slovenia,SVN,2004,1330584
Slovenia,SVN,2005,1288652
Slovenia,SVN,2006,1247044
Slovenia,SVN,2007,1205295
Slovenia,SVN,2008,1162633
Slovenia,SVN,2009,1118192
Slovenia,SVN,2010,1071405
Slovenia,SVN,2011,1022172
Slovenia,SVN,2012,970694
Slovenia,SVN,2013,917134
Slovenia,SVN,2014,861721
Slovenia,SVN,2015,799128
Slovenia,SVN,2016,721607
Slovenia,SVN,2017,662973
Slovenia,SVN,2018,639350
Slovenia,SVN,2019,615508
Slovenia,SVN,2020,591494
Somalia,SOM,2000,7484679
Somalia,SOM,2001,7702896
Somalia,SOM,2002,7918090
Somalia,SOM,2003,8119338
Somalia,SOM,2004,8317435
Somalia,SOM,2005,8489668
Somalia,SOM,2006,8657539
Somalia,SOM,2007,8921971
Somalia,SOM,2008,9057155
Somalia,SOM,2009,9186500
Somalia,SOM,2010,9311479
Somalia,SOM,2011,9432474
Somalia,SOM,2012,9587100
Somalia,SOM,2013,9741526
Somalia,SOM,2014,9897300
Somalia,SOM,2015,10055576
Somalia,SOM,2016,10216631
Somalia,SOM,2017,10380253
Somalia,SOM,2018,10546241
Somalia,SOM,2019,10714246
Somalia,SOM,2020,10883749
South Korea,KOR,2000,11556653
South Korea,KOR,2001,11020430
South Korea,KOR,2002,10467115
South Korea,KOR,2003,9898339
South Korea,KOR,2004,9315930
South Korea,KOR,2005,8721695
South Korea,KOR,2006,8116031
South Korea,KOR,2007,7500774
South Korea,KOR,2008,6881283
South Korea,KOR,2009,6258801
South Korea,KOR,2010,5634435
South Korea,KOR,2011,5007782
South Korea,KOR,2012,4376424
South Korea,KOR,2013,3737262
South Korea,KOR,2014,3087809
South Korea,KOR,2015,2427802
South Korea,KOR,2016,1776181
South Korea,KOR,2017,1156307
South Korea,KOR,2018,533899
South Korea,KOR,2019,29576
South Korea,KOR,2020,32047
Spain,ESP,2000,2444613
Spain,ESP,2001,2550391
Spain,ESP,2002,2664739
Spain,ESP,2003,2786340
Spain,ESP,2004,2866317
Spain,ESP,2005,2829357
Spain,ESP,2006,2789631
Spain,ESP,2007,2746698
Spain,ESP,2008,2697568
Spain,ESP,2009,2638956
Spain,ESP,2010,2569257
Spain,ESP,2011,2488010
Spain,ESP,2012,2397330
Spain,ESP,2013,2301312
Spain,ESP,2014,2204901
Spain,ESP,2015,2111294
Spain,ESP,2016,2021078
Spain,ESP,2017,2021676
Spain,ESP,2018,2023773
Spain,ESP,2019,2025806
Spain,ESP,2020,2026718
Sub-Saharan Africa,,2000,542895819
Sub-Saharan Africa,,2001,555304749
Sub-Saharan Africa,,2002,567699483
Sub-Saharan Africa,,2003,580333755
Sub-Saharan Africa,,2004,593330508
Sub-Saharan Africa,,2005,606694046
Sub-Saharan Africa,,2006,620430221
Sub-Saharan Africa,,2007,634704939
Sub-Saharan Africa,,2008,649246357
Sub-Saharan Africa,,2009,664338669
Sub-Saharan Africa,,2010,679765861
Sub-Saharan Africa,,2011,704911959
Sub-Saharan Africa,,2012,721349422
Sub-Saharan Africa,,2013,738094049
Sub-Saharan Africa,,2014,755114509
Sub-Saharan Africa,,2015,772378231
Sub-Saharan Africa,,2016,789886409
Sub-Saharan Africa,,2017,807244935
Sub-Saharan Africa,,2018,825949409
Sub-Saharan Africa,,2019,844318529
Sub-Saharan Africa,,2020,863847682
Suriname,SUR,2000,332180
Suriname,SUR,2001,334996
Suriname,SUR,2002,337808
Suriname,SUR,2003,340636
Suriname,SUR,2004,343466
Suriname,SUR,2005,349020
Suriname,SUR,2006,354657
Suriname,SUR,2007,360391
Suriname,SUR,2008,366221
Suriname,SUR,2009,372147
Suriname,SUR,2010,378149
Suriname,SUR,2011,384240
Suriname,SUR,2012,390407
Suriname,SUR,2013,396622
Suriname,SUR,2014,402868
Suriname,SUR,2015,409102
Suriname,SUR,2016,415332
Suriname,SUR,2017,421545
Suriname,SUR,2018,427740
Suriname,SUR,2019,433929
Suriname,SUR,2020,438916
Sweden,SWE,2000,623543
Sweden,SWE,2001,618635
Sweden,SWE,2002,614070
Sweden,SWE,2003,610007
Sweden,SWE,2004,606485
Sweden,SWE,2005,603505
Sweden,SWE,2006,600798
Sweden,SWE,2007,598341
Sweden,SWE,2008,589591
Sweden,SWE,2009,582053
Sweden,SWE,2010,574513
Sweden,SWE,2011,566417
Sweden,SWE,2012,557831
Sweden,SWE,2013,549239
Sweden,SWE,2014,540629
Sweden,SWE,2015,531996
Sweden,SWE,2016,524217
Sweden,SWE,2017,516487
Sweden,SWE,2018,513322
Sweden,SWE,2019,510068
Sweden,SWE,2020,511916
Switzerland,CHE,2000,27499
Switzerland,CHE,2001,27641
Switzerland,CHE,2002,27779
Switzerland,CHE,2003,27944
Switzerland,CHE,2004,28137
Switzerland,CHE,2005,28359
Switzerland,CHE,2006,28611
Switzerland,CHE,2007,28894
Switzerland,CHE,2008,29202
Switzerland,CHE,2009,29530
Switzerland,CHE,2010,29871
Switzerland,CHE,2011,30001
Switzerland,CHE,2012,30137
Switzerland,CHE,2013,30267
Switzerland,CHE,2014,30377
Switzerland,CHE,2015,30458
Switzerland,CHE,2016,30507
Switzerland,CHE,2017,30631
Switzerland,CHE,2018,30854
Switzerland,CHE,2019,31047
Switzerland,CHE,2020,30156
Tanzania,TZA,2000,31928846
Tanzania,TZA,2001,32351598
Tanzania,TZA,2002,32808845
Tanzania,TZA,2003,33286012
Tanzania,TZA,2004,33775999
Tanzania,TZA,2005,34264249
Tanzania,TZA,2006,34745717
Tanzania,TZA,2007,35227692
Tanzania,TZA,2008,35713090
Tanzania,TZA,2009,36263096
Tanzania,TZA,2010,36836170
Tanzania,TZA,2011,37462130
Tanzania,TZA,2012,38115053
Tanzania,TZA,2013,38778387
Tanzania,TZA,2014,39447835
Tanzania,TZA,2015,40119514
Tanzania,TZA,2016,40791710
Tanzania,TZA,2017,41462611
Tanzania,TZA,2018,42128600
Tanzania,TZA,2019,42785827
Tanzania,TZA,2020,44007073
Thailand,THA,2000,50409587
Thailand,THA,2001,50796459
Thailand,THA,2002,51134583
Thailand,THA,2003,51422209
Thailand,THA,2004,51670739
Thailand,THA,2005,51787991
Thailand,THA,2006,51879613
Thailand,THA,2007,51944077
Thailand,THA,2008,51986379
Thailand,THA,2009,52012703
Thailand,THA,2010,52027124
Thailand,THA,2011,52051542
Thailand,THA,2012,52070975
Thailand,THA,2013,52079090
Thailand,THA,2014,52071861
Thailand,THA,2015,52046269
Thailand,THA,2016,52002504
Thailand,THA,2017,51947167
Thailand,THA,2018,51874584
Thailand,THA,2019,51795990
Thailand,THA,2020,51699213
Togo,TGO,2000,4651870
Togo,TGO,2001,4773188
Togo,TGO,2002,4890485
Togo,TGO,2003,5006443
Togo,TGO,2004,5125203
Togo,TGO,2005,5249948
Togo,TGO,2006,5381089
Togo,TGO,2007,5517389
Togo,TGO,2008,5658192
Togo,TGO,2009,5802361
Togo,TGO,2010,5948967
Togo,TGO,2011,6097909
Togo,TGO,2012,6249375
Togo,TGO,2013,6402905
Togo,TGO,2014,6557846
Togo,TGO,2015,6713757
Togo,TGO,2016,6870373
Togo,TGO,2017,7027797
Togo,TGO,2018,7186358
Togo,TGO,2019,7346554
Togo,TGO,2020,7522542
Tonga,TON,2000,65395
Tonga,TON,2001,65744
Tonga,TON,2002,66106
Tonga,TON,2003,66487
Tonga,TON,2004,66905
Tonga,TON,2005,66813
Tonga,TON,2006,66787
Tonga,TON,2007,66791
Tonga,TON,2008,66751
Tonga,TON,2009,66523
Tonga,TON,2010,66119
Tonga,TON,2011,65924
Tonga,TON,2012,65606
Tonga,TON,2013,65285
Tonga,TON,2014,65102
Tonga,TON,2015,65239
Tonga,TON,2016,65769
Tonga,TON,2017,66625
Tonga,TON,2018,67709
Tonga,TON,2019,68868
Tonga,TON,2020,69973
Tunisia,TUN,2000,4433930
Tunisia,TUN,2001,4394414
Tunisia,TUN,2002,4327209
Tunisia,TUN,2003,4224853
Tunisia,TUN,2004,4121152
Tunisia,TUN,2005,4020326
Tunisia,TUN,2006,3919601
Tunisia,TUN,2007,3818325
Tunisia,TUN,2008,3715026
Tunisia,TUN,2009,3607843
Tunisia,TUN,2010,3495652
Tunisia,TUN,2011,3378038
Tunisia,TUN,2012,3255575
Tunisia,TUN,2013,3129057
Tunisia,TUN,2014,2999248
Tunisia,TUN,2015,2866255
Tunisia,TUN,2016,2730003
Tunisia,TUN,2017,2589776
Tunisia,TUN,2018,2488633
Tunisia,TUN,2019,2383619
Tunisia,TUN,2020,2274254
Turkey,TUR,2000,25945811
Turkey,TUR,2001,26294673
Turkey,TUR,2002,26311904
Turkey,TUR,2003,26322921
Turkey,TUR,2004,25854655
Turkey,TUR,2005,25353947
Turkey,TUR,2006,24818169
Turkey,TUR,2007,24343129
Turkey,TUR,2008,23847986
Turkey,TUR,2009,23350327
Turkey,TUR,2010,22859520
Turkey,TUR,2011,22374554
Turkey,TUR,2012,21886005
Turkey,TUR,2013,21384004
Turkey,TUR,2014,20856030
Turkey,TUR,2015,20292489
Turkey,TUR,2016,19693930
Turkey,TUR,2017,19058459
Turkey,TUR,2018,18374053
Turkey,TUR,2019,18302561
Turkey,TUR,2020,18193263
Tuvalu,TUV,2001,9029
Tuvalu,TUV,2002,9138
Tuvalu,TUV,2003,9263
Tuvalu,TUV,2004,9403
Tuvalu,TUV,2005,9523
Tuvalu,TUV,2006,9608
Tuvalu,TUV,2007,9674
Tuvalu,TUV,2008,9736
Tuvalu,TUV,2009,9800
Tuvalu,TUV,2010,9874
Tuvalu,TUV,2011,9945
Tuvalu,TUV,2012,10029
Tuvalu,TUV,2013,10143
Tuvalu,TUV,2014,10293
Tuvalu,TUV,2015,10414
Tuvalu,TUV,2016,10541
Tuvalu,TUV,2017,10668
Tuvalu,TUV,2018,10801
Ukraine,UKR,2000,28203490
Ukraine,UKR,2001,27898025
Ukraine,UKR,2002,27426090
Ukraine,UKR,2003,26975595
Ukraine,UKR,2004,26538023
Ukraine,UKR,2005,26127377
Ukraine,UKR,2006,25742855
Ukraine,UKR,2007,25384337
Ukraine,UKR,2008,25046456
Ukraine,UKR,2009,23645950
Ukraine,UKR,2010,22260475
Ukraine,UKR,2011,20895194
Ukraine,UKR,2012,19549377
Ukraine,UKR,2013,18232526
Ukraine,UKR,2014,16954622
Ukraine,UKR,2015,15797079
Ukraine,UKR,2016,14639746
Ukraine,UKR,2017,13485831
Ukraine,UKR,2018,12393590
Ukraine,UKR,2019,12328190
Ukraine,UKR,2020,12261275
United Arab Emirates,ARE,2002,884801
United Arab Emirates,ARE,2003,944104
United Arab Emirates,ARE,2004,1034815
United Arab Emirates,ARE,2005,1166983
United Arab Emirates,ARE,2006,1348062
United Arab Emirates,ARE,2007,1473209
United Arab Emirates,ARE,2008,1582980
United Arab Emirates,ARE,2009,1607882
United Arab Emirates,ARE,2010,1563625
United Arab Emirates,ARE,2011,1455169
United Arab Emirates,ARE,2012,1301882
United Arab Emirates,ARE,2013,1123776
United Arab Emirates,ARE,2014,939298
United Arab Emirates,ARE,2015,756800
United Arab Emirates,ARE,2016,575352
United Arab Emirates,ARE,2017,391081
United Arab Emirates,ARE,2018,202057
United Arab Emirates,ARE,2019,83274
United Arab Emirates,ARE,2020,76199
United Kingdom,GBR,2000,1331071
United Kingdom,GBR,2001,1332434
United Kingdom,GBR,2002,1327537
United Kingdom,GBR,2003,1323444
United Kingdom,GBR,2004,1321019
United Kingdom,GBR,2005,1320906
United Kingdom,GBR,2006,1323302
United Kingdom,GBR,2007,1321149
United Kingdom,GBR,2008,1319924
United Kingdom,GBR,2009,1318340
United Kingdom,GBR,2010,1315421
United Kingdom,GBR,2011,1310867
United Kingdom,GBR,2012,1304869
United Kingdom,GBR,2013,1300941
United Kingdom,GBR,2014,1300463
United Kingdom,GBR,2015,1299892
United Kingdom,GBR,2016,1299250
United Kingdom,GBR,2017,1298431
United Kingdom,GBR,2018,1297270
United Kingdom,GBR,2019,1295541
United Kingdom,GBR,2020,1293190
United States,USA,2000,7019557
United States,USA,2001,6909990
United States,USA,2002,6791137
United States,USA,2003,6665531
United States,USA,2004,6536499
United States,USA,2005,6406137
United States,USA,2006,6274825
United States,USA,2007,6141436
United States,USA,2008,6004691
United States,USA,2009,5862926
United States,USA,2010,5762526
United States,USA,2011,5655414
United States,USA,2012,5542065
United States,USA,2013,5422703
United States,USA,2014,5297755
United States,USA,2015,5376224
United States,USA,2016,5453279
United States,USA,2017,5528762
United States,USA,2018,5602849
United States,USA,2019,5675637
United States,USA,2020,5747373
Upper-middle income,,2000,2082547337
Upper-middle income,,2001,2094087018
Upper-middle income,,2002,2098471665
Upper-middle income,,2003,2082798774
Upper-middle income,,2004,2063766724
Upper-middle income,,2005,2043265758
Upper-middle income,,2006,2018743010
Upper-middle income,,2007,1991028839
Upper-middle income,,2008,1960878759
Upper-middle income,,2009,1838688710
Upper-middle income,,2010,1802677786
Upper-middle income,,2011,1764953022
Upper-middle income,,2012,1724445949
Upper-middle income,,2013,1681676827
Upper-middle income,,2014,1636404269
Upper-middle income,,2015,1588552338
Upper-middle income,,2016,1538081660
Upper-middle income,,2017,1484812710
Upper-middle income,,2018,1429599731
Upper-middle income,,2019,1372406389
Upper-middle income,,2020,1349441200
Venezuela,VEN,2005,20667470
Venezuela,VEN,2006,21060208
Venezuela,VEN,2007,21438558
Venezuela,VEN,2008,21811142
Venezuela,VEN,2009,22221040
Venezuela,VEN,2010,22484722
Venezuela,VEN,2011,22777416
Venezuela,VEN,2012,23087879
Venezuela,VEN,2013,23354976
Venezuela,VEN,2014,23496484
Venezuela,VEN,2015,23462889
Venezuela,VEN,2016,23219553
Venezuela,VEN,2017,22807945
Venezuela,VEN,2018,22346728
Venezuela,VEN,2019,21998851
Venezuela,VEN,2020,21876741
Western Asia and Northern Africa,,2000,267650861
Western Asia and Northern Africa,,2001,271153349
Western Asia and Northern Africa,,2002,273891932
Western Asia and Northern Africa,,2003,276957039
Western Asia and Northern Africa,,2004,279574225
Western Asia and Northern Africa,,2005,282047467
Western Asia and Northern Africa,,2006,284414196
Western Asia and Northern Africa,,2007,286267964
Western Asia and Northern Africa,,2008,288112087
Western Asia and Northern Africa,,2009,289929305
Western Asia and Northern Africa,,2010,291839191
Western Asia and Northern Africa,,2011,293945703
Western Asia and Northern Africa,,2012,296193920
Western Asia and Northern Africa,,2013,298444495
Western Asia and Northern Africa,,2014,300534955
Western Asia and Northern Africa,,2015,302289646
Western Asia and Northern Africa,,2016,303921656
Western Asia and Northern Africa,,2017,305285776
Western Asia and Northern Africa,,2018,306564027
Western Asia and Northern Africa,,2019,308416949
Western Asia and Northern Africa,,2020,306445283
World,OWID_WRL,2000,4378381292
World,OWID_WRL,2001,4403563397
World,OWID_WRL,2002,4422032623
World,OWID_WRL,2003,4407136966
World,OWID_WRL,2004,4379094226
World,OWID_WRL,2005,4360883276
World,OWID_WRL,2006,4332242261
World,OWID_WRL,2007,4298105487
World,OWID_WRL,2008,4260326109
World,OWID_WRL,2009,4218306006
World,OWID_WRL,2010,4172104541
World,OWID_WRL,2011,4132354624
World,OWID_WRL,2012,4079458401
World,OWID_WRL,2013,4023277276
World,OWID_WRL,2014,3963687586
World,OWID_WRL,2015,3900640637
World,OWID_WRL,2016,3834139081
World,OWID_WRL,2017,3764537438
World,OWID_WRL,2018,3694490445
World,OWID_WRL,2019,3623589055
World,OWID_WRL,2020,3589493401
Yemen,YEM,2000,13096567
Yemen,YEM,2001,13458366
Yemen,YEM,2002,13830633
Yemen,YEM,2003,14309684
Yemen,YEM,2004,14830249
Yemen,YEM,2005,15385192
Yemen,YEM,2006,15957538
Yemen,YEM,2007,16548965
Yemen,YEM,2008,17159915
Yemen,YEM,2009,17790662
Yemen,YEM,2010,18441062
Yemen,YEM,2011,19111705
Yemen,YEM,2012,19801729
Yemen,YEM,2013,20507737
Yemen,YEM,2014,21225177
Yemen,YEM,2015,21878839
Yemen,YEM,2016,22352772
Yemen,YEM,2017,22821295
Yemen,YEM,2018,23285429
Yemen,YEM,2019,23747002
Yemen,YEM,2020,24207359
Zimbabwe,ZWE,2000,8273500
Zimbabwe,ZWE,2001,8306484
Zimbabwe,ZWE,2002,8324579
Zimbabwe,ZWE,2003,8340021
Zimbabwe,ZWE,2004,8361517
Zimbabwe,ZWE,2005,8437657
Zimbabwe,ZWE,2006,8529383
Zimbabwe,ZWE,2007,8636628
Zimbabwe,ZWE,2008,8760696
Zimbabwe,ZWE,2009,8902206
Zimbabwe,ZWE,2010,9061051
Zimbabwe,ZWE,2011,9239220
Zimbabwe,ZWE,2012,9435770
Zimbabwe,ZWE,2013,9643819
Zimbabwe,ZWE,2014,9854303
Zimbabwe,ZWE,2015,10060396
Zimbabwe,ZWE,2016,10259276
Zimbabwe,ZWE,2017,10452963
Zimbabwe,ZWE,2018,10645436
Zimbabwe,ZWE,2019,10842989
Zimbabwe,ZWE,2020,11050499