Entity,Code,Year,"6.2.1 - Proportion of population using safely managed sanitation services, by urban/rural (%) - SH_SAN_SAFE - All areas"
Algeria,DZA,2000,58.85
Algeria,DZA,2001,59.19
Algeria,DZA,2002,59.53
Algeria,DZA,2003,59.86
Algeria,DZA,2004,60.18
Algeria,DZA,2005,60.5
Algeria,DZA,2006,60.81
Algeria,DZA,2007,61.11
Algeria,DZA,2008,61.41
Algeria,DZA,2009,61.7
Algeria,DZA,2010,61.98
Algeria,DZA,2011,62.26
Algeria,DZA,2012,62.31
Algeria,DZA,2013,62.35
Algeria,DZA,2014,62.39
Algeria,DZA,2015,62.41
Algeria,DZA,2016,62.42
Algeria,DZA,2017,62.43
Algeria,DZA,2018,62.43
Algeria,DZA,2019,62.41
Algeria,DZA,2020,62.39
Algeria,DZA,2021,62.37
Algeria,DZA,2022,62.41
American Samoa,ASM,2000,44.59
American Samoa,ASM,2001,44.56
American Samoa,ASM,2002,44.53
American Samoa,ASM,2003,44.5
American Samoa,ASM,2004,44.47
American Samoa,ASM,2005,44.45
American Samoa,ASM,2006,44.42
American Samoa,ASM,2007,44.39
American Samoa,ASM,2008,44.36
American Samoa,ASM,2009,43.54
American Samoa,ASM,2010,42.73
American Samoa,ASM,2011,41.92
American Samoa,ASM,2012,41.11
American Samoa,ASM,2013,40.29
American Samoa,ASM,2014,39.48
American Samoa,ASM,2015,38.68
American Samoa,ASM,2016,37.87
American Samoa,ASM,2017,37.06
American Samoa,ASM,2018,37.04
American Samoa,ASM,2019,37.01
American Samoa,ASM,2020,36.99
American Samoa,ASM,2021,36.96
American Samoa,ASM,2022,36.99
Andorra,AND,2000,29.31
Andorra,AND,2001,33.9
Andorra,AND,2002,38.5
Andorra,AND,2003,43.09
Andorra,AND,2004,47.69
Andorra,AND,2005,52.28
Andorra,AND,2006,56.87
Andorra,AND,2007,61.47
Andorra,AND,2008,66.06
Andorra,AND,2009,70.65
Andorra,AND,2010,75.25
Andorra,AND,2011,79.84
Andorra,AND,2012,84.43
Andorra,AND,2013,89.03
Andorra,AND,2014,93.62
Andorra,AND,2015,98.22
Andorra,AND,2016,100
Andorra,AND,2017,100
Andorra,AND,2018,100
Andorra,AND,2019,100
Andorra,AND,2020,100
Andorra,AND,2021,100
Andorra,AND,2022,100
Argentina,ARG,2000,44.71
Argentina,ARG,2001,44.8
Argentina,ARG,2002,44.9
Argentina,ARG,2003,44.99
Argentina,ARG,2004,45.08
Argentina,ARG,2005,45.17
Argentina,ARG,2006,45.26
Argentina,ARG,2007,45.35
Argentina,ARG,2008,45.45
Argentina,ARG,2009,45.54
Argentina,ARG,2010,45.63
Argentina,ARG,2011,45.73
Argentina,ARG,2012,45.82
Argentina,ARG,2013,45.91
Argentina,ARG,2014,46
Argentina,ARG,2015,46.1
Argentina,ARG,2016,46.19
Armenia,ARM,2000,14.83
Armenia,ARM,2001,14.7
Armenia,ARM,2002,14.54
Armenia,ARM,2003,14.37
Armenia,ARM,2004,14.19
Armenia,ARM,2005,14.01
Armenia,ARM,2006,13.81
Armenia,ARM,2007,13.59
Armenia,ARM,2008,13.37
Armenia,ARM,2009,13.14
Armenia,ARM,2010,12.92
Armenia,ARM,2011,12.69
Armenia,ARM,2012,12.46
Armenia,ARM,2013,12.23
Armenia,ARM,2014,11.98
Armenia,ARM,2015,11.73
Armenia,ARM,2016,11.46
Armenia,ARM,2017,11.17
Armenia,ARM,2018,10.93
Armenia,ARM,2019,10.86
Armenia,ARM,2020,10.83
Armenia,ARM,2021,10.79
Armenia,ARM,2022,10.75
Asia (UN),,2000,21.47
Asia (UN),,2001,22.19
Asia (UN),,2002,23.06
Asia (UN),,2003,24.35
Asia (UN),,2004,26.04
Asia (UN),,2005,27.67
Asia (UN),,2006,29.36
Asia (UN),,2007,31.15
Asia (UN),,2008,32.97
Asia (UN),,2009,34.8
Asia (UN),,2010,36.66
Asia (UN),,2011,38.54
Asia (UN),,2012,40.45
Asia (UN),,2013,42.4
Asia (UN),,2014,44.4
Asia (UN),,2015,46.44
Asia (UN),,2016,48.51
Asia (UN),,2017,50.57
Asia (UN),,2018,52.62
Asia (UN),,2019,54.68
Asia (UN),,2020,56.02
Asia (UN),,2021,57.31
Asia (UN),,2022,58.57
Australia,AUS,2000,93.56
Australia,AUS,2001,93.66
Australia,AUS,2002,93.77
Australia,AUS,2003,93.87
Australia,AUS,2004,93.97
Australia,AUS,2005,94.07
Australia,AUS,2006,94.18
Australia,AUS,2007,94.28
Australia,AUS,2008,94.38
Australia,AUS,2009,94.49
Australia,AUS,2010,94.59
Australia,AUS,2011,94.69
Australia,AUS,2012,94.79
Australia,AUS,2013,94.9
Australia,AUS,2014,95
Australia,AUS,2015,95.1
Australia,AUS,2016,95.2
Australia,AUS,2017,95.31
Australia,AUS,2018,95.41
Australia,AUS,2019,95.51
Australia,AUS,2020,95.61
Australia,AUS,2021,95.72
Australia,AUS,2022,95.82
Austria,AUT,2000,99.71
Austria,AUT,2001,99.7
Austria,AUT,2002,99.7
Austria,AUT,2003,99.7
Austria,AUT,2004,99.69
Austria,AUT,2005,99.69
Austria,AUT,2006,99.69
Austria,AUT,2007,99.68
Austria,AUT,2008,99.68
Austria,AUT,2009,99.68
Austria,AUT,2010,99.67
Austria,AUT,2011,99.67
Austria,AUT,2012,99.67
Austria,AUT,2013,99.67
Austria,AUT,2014,99.67
Austria,AUT,2015,99.66
Austria,AUT,2016,99.66
Austria,AUT,2017,99.66
Austria,AUT,2018,99.67
Austria,AUT,2019,99.67
Austria,AUT,2020,99.67
Austria,AUT,2021,99.67
Austria,AUT,2022,99.67
Azerbaijan,AZE,2000,40.4
Azerbaijan,AZE,2001,42.1
Azerbaijan,AZE,2002,43.8
Azerbaijan,AZE,2003,45.98
Azerbaijan,AZE,2004,48.16
Azerbaijan,AZE,2005,50.33
Azerbaijan,AZE,2006,52.38
Azerbaijan,AZE,2007,54.41
Azerbaijan,AZE,2008,56.17
Azerbaijan,AZE,2009,57.88
Azerbaijan,AZE,2010,59.65
Azerbaijan,AZE,2011,61.49
Azerbaijan,AZE,2012,63.39
Azerbaijan,AZE,2013,65.35
Azerbaijan,AZE,2014,66.89
Azerbaijan,AZE,2015,68.38
Azerbaijan,AZE,2016,68.46
Azerbaijan,AZE,2017,68.59
Azerbaijan,AZE,2018,68.79
Azerbaijan,AZE,2019,69.04
Bahrain,BHR,2000,85.94
Bahrain,BHR,2001,86.25
Bahrain,BHR,2002,86.57
Bahrain,BHR,2003,86.89
Bahrain,BHR,2004,87.2
Bahrain,BHR,2005,87.5
Bahrain,BHR,2006,87.77
Bahrain,BHR,2007,88.05
Bahrain,BHR,2008,88.32
Bahrain,BHR,2009,88.59
Bahrain,BHR,2010,88.87
Bahrain,BHR,2011,89.14
Bahrain,BHR,2012,89.41
Bahrain,BHR,2013,89.68
Bahrain,BHR,2014,89.95
Bahrain,BHR,2015,90.22
Bahrain,BHR,2016,90.49
Bahrain,BHR,2017,90.76
Bahrain,BHR,2018,91.03
Bahrain,BHR,2019,91.29
Bahrain,BHR,2020,91.61
Bahrain,BHR,2021,91.92
Bahrain,BHR,2022,92.23
Bangladesh,BGD,2000,11.05
Bangladesh,BGD,2001,11.74
Bangladesh,BGD,2002,12.46
Bangladesh,BGD,2003,13.17
Bangladesh,BGD,2004,13.89
Bangladesh,BGD,2005,14.6
Bangladesh,BGD,2006,15.32
Bangladesh,BGD,2007,16.04
Bangladesh,BGD,2008,16.77
Bangladesh,BGD,2009,17.49
Bangladesh,BGD,2010,18.2
Bangladesh,BGD,2011,18.92
Bangladesh,BGD,2012,19.64
Bangladesh,BGD,2013,20.35
Bangladesh,BGD,2014,21.51
Bangladesh,BGD,2015,22.7
Bangladesh,BGD,2016,23.92
Bangladesh,BGD,2017,25.16
Bangladesh,BGD,2018,26.43
Bangladesh,BGD,2019,27.72
Bangladesh,BGD,2020,29.03
Bangladesh,BGD,2021,30.15
Bangladesh,BGD,2022,30.98
Belarus,BLR,2000,84.63
Belarus,BLR,2001,84.71
Belarus,BLR,2002,84.78
Belarus,BLR,2003,84.86
Belarus,BLR,2004,84.12
Belarus,BLR,2005,83.33
Belarus,BLR,2006,82.54
Belarus,BLR,2007,81.76
Belarus,BLR,2008,80.97
Belarus,BLR,2009,80.19
Belarus,BLR,2010,79.42
Belarus,BLR,2011,78.65
Belarus,BLR,2012,77.89
Belarus,BLR,2013,77.13
Belarus,BLR,2014,76.36
Belarus,BLR,2015,75.59
Belarus,BLR,2016,74.83
Belarus,BLR,2017,74.95
Belarus,BLR,2018,75.09
Belarus,BLR,2019,75.23
Belarus,BLR,2020,75.1
Belarus,BLR,2021,74.89
Belarus,BLR,2022,75.04
Belgium,BEL,2000,68.66
Belgium,BEL,2001,68.66
Belgium,BEL,2002,68.66
Belgium,BEL,2003,68.66
Belgium,BEL,2004,69.95
Belgium,BEL,2005,71.25
Belgium,BEL,2006,72.56
Belgium,BEL,2007,73.88
Belgium,BEL,2008,75.22
Belgium,BEL,2009,76.77
Belgium,BEL,2010,78.36
Belgium,BEL,2011,79.96
Belgium,BEL,2012,81.57
Belgium,BEL,2013,83.2
Belgium,BEL,2014,84.83
Belgium,BEL,2015,86.48
Belgium,BEL,2016,88.14
Belgium,BEL,2017,89.81
Belgium,BEL,2018,91.49
Belgium,BEL,2019,93.19
Belgium,BEL,2020,94.06
Belgium,BEL,2021,94.48
Belgium,BEL,2022,94.9
Benin,BEN,2000,1.12
Benin,BEN,2001,1.18
Benin,BEN,2002,1.25
Benin,BEN,2003,1.32
Benin,BEN,2004,1.39
Benin,BEN,2005,1.46
Benin,BEN,2006,1.54
Benin,BEN,2007,1.61
Benin,BEN,2008,1.69
Benin,BEN,2009,1.77
Benin,BEN,2010,1.85
Benin,BEN,2011,1.93
Benin,BEN,2012,2.01
Benin,BEN,2013,2.09
Benin,BEN,2014,2.17
Benin,BEN,2015,2.25
Benin,BEN,2016,2.33
Benin,BEN,2017,2.42
Benin,BEN,2018,2.5
Benin,BEN,2019,2.59
Benin,BEN,2020,2.68
Benin,BEN,2021,2.69
Benin,BEN,2022,2.7
Bhutan,BTN,2000,37.48
Bhutan,BTN,2001,37.65
Bhutan,BTN,2002,38.81
Bhutan,BTN,2003,39.94
Bhutan,BTN,2004,41.04
Bhutan,BTN,2005,42.11
Bhutan,BTN,2006,43.11
Bhutan,BTN,2007,44.09
Bhutan,BTN,2008,45.05
Bhutan,BTN,2009,45.64
Bhutan,BTN,2010,46.15
Bhutan,BTN,2011,46.63
Bhutan,BTN,2012,47.07
Bhutan,BTN,2013,47.48
Bhutan,BTN,2014,47.86
Bhutan,BTN,2015,48.21
Bhutan,BTN,2016,48.53
Bhutan,BTN,2017,48.82
Bhutan,BTN,2018,49.08
Bhutan,BTN,2019,49.51
Bhutan,BTN,2020,50.07
Bhutan,BTN,2021,50.62
Bhutan,BTN,2022,50.51
Bosnia and Herzegovina,BIH,2000,26.07
Bosnia and Herzegovina,BIH,2001,26.14
Bosnia and Herzegovina,BIH,2002,26.2
Bosnia and Herzegovina,BIH,2003,26.27
Bosnia and Herzegovina,BIH,2004,26.32
Bosnia and Herzegovina,BIH,2005,26.37
Bosnia and Herzegovina,BIH,2006,26.42
Bosnia and Herzegovina,BIH,2007,26.47
Bosnia and Herzegovina,BIH,2008,26.51
Bosnia and Herzegovina,BIH,2009,26.54
Bosnia and Herzegovina,BIH,2010,29.22
Bosnia and Herzegovina,BIH,2011,32.11
Bosnia and Herzegovina,BIH,2012,35.06
Bosnia and Herzegovina,BIH,2013,38.05
Bosnia and Herzegovina,BIH,2014,41.1
Bosnia and Herzegovina,BIH,2015,44.28
Bosnia and Herzegovina,BIH,2016,47.59
Bosnia and Herzegovina,BIH,2017,51.01
Bosnia and Herzegovina,BIH,2018,54.56
Brazil,BRA,2000,35.74
Brazil,BRA,2001,36.17
Brazil,BRA,2002,36.59
Brazil,BRA,2003,37
Brazil,BRA,2004,37.42
Brazil,BRA,2005,37.83
Brazil,BRA,2006,38.24
Brazil,BRA,2007,38.65
Brazil,BRA,2008,39.05
Brazil,BRA,2009,39.46
Brazil,BRA,2010,39.86
Brazil,BRA,2011,40.26
Brazil,BRA,2012,41.15
Brazil,BRA,2013,42.06
Brazil,BRA,2014,42.99
Brazil,BRA,2015,43.93
Brazil,BRA,2016,44.88
Brazil,BRA,2017,45.86
Brazil,BRA,2018,46.84
Brazil,BRA,2019,47.85
Brazil,BRA,2020,48.71
Brazil,BRA,2021,49.55
Brazil,BRA,2022,49.59
Bulgaria,BGR,2000,54.93
Bulgaria,BGR,2001,55.33
Bulgaria,BGR,2002,55.77
Bulgaria,BGR,2003,56.24
Bulgaria,BGR,2004,56.74
Bulgaria,BGR,2005,57.27
Bulgaria,BGR,2006,57.83
Bulgaria,BGR,2007,58.42
Bulgaria,BGR,2008,59.04
Bulgaria,BGR,2009,59.69
Bulgaria,BGR,2010,60.59
Bulgaria,BGR,2011,61.57
Bulgaria,BGR,2012,62.57
Bulgaria,BGR,2013,63.6
Bulgaria,BGR,2014,64.74
Bulgaria,BGR,2015,65.96
Bulgaria,BGR,2016,67.2
Bulgaria,BGR,2017,68.47
Bulgaria,BGR,2018,69.45
Bulgaria,BGR,2019,70.44
Bulgaria,BGR,2020,71.44
Bulgaria,BGR,2021,72.45
Bulgaria,BGR,2022,73.46
Burkina Faso,BFA,2000,3.28
Burkina Faso,BFA,2001,3.37
Burkina Faso,BFA,2002,3.77
Burkina Faso,BFA,2003,4.16
Burkina Faso,BFA,2004,4.54
Burkina Faso,BFA,2005,4.92
Burkina Faso,BFA,2006,5.28
Burkina Faso,BFA,2007,5.62
Burkina Faso,BFA,2008,5.94
Burkina Faso,BFA,2009,6.25
Burkina Faso,BFA,2010,6.56
Burkina Faso,BFA,2011,6.85
Burkina Faso,BFA,2012,7.14
Burkina Faso,BFA,2013,7.42
Burkina Faso,BFA,2014,7.7
Burkina Faso,BFA,2015,7.96
Burkina Faso,BFA,2016,8.22
Burkina Faso,BFA,2017,8.46
Burkina Faso,BFA,2018,8.7
Burkina Faso,BFA,2019,8.94
Burkina Faso,BFA,2020,9.16
Burkina Faso,BFA,2021,9.46
Burkina Faso,BFA,2022,9.75
Cambodia,KHM,2001,5.78
Cambodia,KHM,2002,8.26
Cambodia,KHM,2003,10.73
Cambodia,KHM,2004,11.98
Cambodia,KHM,2005,13.18
Cambodia,KHM,2006,14.4
Cambodia,KHM,2007,15.62
Cambodia,KHM,2008,16.86
Cambodia,KHM,2009,18.15
Cambodia,KHM,2010,19.45
Cambodia,KHM,2011,20.76
Cambodia,KHM,2012,22.07
Cambodia,KHM,2013,23.39
Cambodia,KHM,2014,24.72
Cambodia,KHM,2015,26.05
Cambodia,KHM,2016,27.4
Cambodia,KHM,2017,28.95
Cambodia,KHM,2018,30.51
Cambodia,KHM,2019,32.07
Cambodia,KHM,2020,33.64
Cambodia,KHM,2021,35.22
Cambodia,KHM,2022,36.73
Canada,CAN,2000,77.39
Canada,CAN,2001,77.4
Canada,CAN,2002,77.4
Canada,CAN,2003,77.85
Canada,CAN,2004,78.3
Canada,CAN,2005,78.75
Canada,CAN,2006,79.18
Canada,CAN,2007,79.56
Canada,CAN,2008,79.94
Canada,CAN,2009,80.31
Canada,CAN,2010,80.69
Canada,CAN,2011,81.07
Canada,CAN,2012,81.44
Canada,CAN,2013,81.82
Canada,CAN,2014,82.19
Canada,CAN,2015,82.56
Canada,CAN,2016,82.94
Canada,CAN,2017,83.31
Canada,CAN,2018,83.69
Canada,CAN,2019,84.06
Canada,CAN,2020,84
Canada,CAN,2021,83.93
Canada,CAN,2022,83.93
Central African Republic,CAF,2000,19.68
Central African Republic,CAF,2001,19.63
Central African Republic,CAF,2002,19.59
Central African Republic,CAF,2003,19.54
Central African Republic,CAF,2004,19.49
Central African Republic,CAF,2005,19.09
Central African Republic,CAF,2006,18.69
Central African Republic,CAF,2007,18.3
Central African Republic,CAF,2008,17.91
Central African Republic,CAF,2009,17.53
Central African Republic,CAF,2010,17.16
Central African Republic,CAF,2011,16.78
Central African Republic,CAF,2012,16.42
Central African Republic,CAF,2013,16.05
Central African Republic,CAF,2014,15.7
Central African Republic,CAF,2015,15.34
Central African Republic,CAF,2016,14.99
Central African Republic,CAF,2017,14.64
Central African Republic,CAF,2018,14.29
Central African Republic,CAF,2019,13.95
Central African Republic,CAF,2020,13.6
Central African Republic,CAF,2021,13.26
Central African Republic,CAF,2022,13.35
Central and Southern Asia (UN),,2000,12.41
Central and Southern Asia (UN),,2001,13.55
Central and Southern Asia (UN),,2002,14.7
Central and Southern Asia (UN),,2003,15.85
Central and Southern Asia (UN),,2004,17.83
Central and Southern Asia (UN),,2005,19.56
Central and Southern Asia (UN),,2006,21.3
Central and Southern Asia (UN),,2007,23.14
Central and Southern Asia (UN),,2008,24.99
Central and Southern Asia (UN),,2009,26.83
Central and Southern Asia (UN),,2010,28.68
Central and Southern Asia (UN),,2011,30.54
Central and Southern Asia (UN),,2012,32.4
Central and Southern Asia (UN),,2013,34.27
Central and Southern Asia (UN),,2014,36.19
Central and Southern Asia (UN),,2015,38.13
Central and Southern Asia (UN),,2016,40.07
Central and Southern Asia (UN),,2017,41.95
Central and Southern Asia (UN),,2018,43.76
Central and Southern Asia (UN),,2019,45.56
Central and Southern Asia (UN),,2020,47.35
Central and Southern Asia (UN),,2021,49.1
Central and Southern Asia (UN),,2022,50.79
Chad,TCD,2000,8.44
Chad,TCD,2001,8.51
Chad,TCD,2002,8.57
Chad,TCD,2003,8.64
Chad,TCD,2004,8.7
Chad,TCD,2005,8.77
Chad,TCD,2006,8.83
Chad,TCD,2007,8.9
Chad,TCD,2008,8.96
Chad,TCD,2009,9.05
Chad,TCD,2010,9.15
Chad,TCD,2011,9.25
Chad,TCD,2012,9.37
Chad,TCD,2013,9.49
Chad,TCD,2014,9.62
Chad,TCD,2015,9.76
Chad,TCD,2016,9.91
Chad,TCD,2017,10.07
Chad,TCD,2018,10.24
Chad,TCD,2019,10.42
Chad,TCD,2020,10.62
Chad,TCD,2021,10.83
Chad,TCD,2022,10.91
Channel Islands,OWID_CIS,2009,90
Channel Islands,OWID_CIS,2010,90
Channel Islands,OWID_CIS,2011,90
Channel Islands,OWID_CIS,2012,90
Channel Islands,OWID_CIS,2013,90
Channel Islands,OWID_CIS,2014,90
Channel Islands,OWID_CIS,2015,90
Channel Islands,OWID_CIS,2016,90
Channel Islands,OWID_CIS,2017,90
Chile,CHL,2000,66.55
Chile,CHL,2001,66.91
Chile,CHL,2002,67.25
Chile,CHL,2003,67.55
Chile,CHL,2004,69.61
Chile,CHL,2005,71.7
Chile,CHL,2006,73.8
Chile,CHL,2007,75.91
Chile,CHL,2008,78.04
Chile,CHL,2009,80.19
Chile,CHL,2010,82.35
Chile,CHL,2011,84.53
Chile,CHL,2012,86.72
Chile,CHL,2013,88.93
Chile,CHL,2014,91.16
Chile,CHL,2015,93.36
Chile,CHL,2016,94.94
Chile,CHL,2017,95.22
Chile,CHL,2018,95.17
Chile,CHL,2019,95.24
Chile,CHL,2020,95.26
Chile,CHL,2021,95.29
Chile,CHL,2022,95.32
China,CHN,2000,13.39
China,CHN,2001,13.75
China,CHN,2002,14.49
China,CHN,2003,16.54
China,CHN,2004,18.71
China,CHN,2005,20.99
China,CHN,2006,23.39
China,CHN,2007,25.89
China,CHN,2008,28.5
China,CHN,2009,31.22
China,CHN,2010,34.05
China,CHN,2011,36.95
China,CHN,2012,39.94
China,CHN,2013,43.02
China,CHN,2014,46.19
China,CHN,2015,49.45
China,CHN,2016,52.79
China,CHN,2017,56.21
China,CHN,2018,59.7
China,CHN,2019,63.25
China,CHN,2020,64.61
China,CHN,2021,65.93
China,CHN,2022,67.22
Colombia,COL,2000,15.32
Colombia,COL,2001,15.47
Colombia,COL,2002,15.62
Colombia,COL,2003,15.76
Colombia,COL,2004,15.91
Colombia,COL,2005,16.06
Colombia,COL,2006,16.2
Colombia,COL,2007,16.35
Colombia,COL,2008,16.49
Colombia,COL,2009,16.64
Colombia,COL,2010,16.78
Colombia,COL,2011,16.92
Colombia,COL,2012,17.06
Colombia,COL,2013,17.2
Colombia,COL,2014,17.34
Colombia,COL,2015,17.48
Colombia,COL,2016,17.62
Colombia,COL,2017,17.76
Colombia,COL,2018,17.9
Colombia,COL,2019,18.03
Colombia,COL,2020,18.17
Colombia,COL,2021,18.31
Colombia,COL,2022,18.44
Costa Rica,CRI,2000,24.92
Costa Rica,CRI,2001,24.75
Costa Rica,CRI,2002,24.59
Costa Rica,CRI,2003,24.44
Costa Rica,CRI,2004,24.29
Costa Rica,CRI,2005,24.14
Costa Rica,CRI,2006,24.01
Costa Rica,CRI,2007,23.88
Costa Rica,CRI,2008,23.78
Costa Rica,CRI,2009,23.7
Costa Rica,CRI,2010,23.64
Costa Rica,CRI,2011,23.73
Costa Rica,CRI,2012,23.84
Costa Rica,CRI,2013,23.97
Costa Rica,CRI,2014,24.1
Costa Rica,CRI,2015,24.24
Costa Rica,CRI,2016,24.38
Costa Rica,CRI,2017,24.53
Costa Rica,CRI,2018,24.68
Costa Rica,CRI,2019,24.84
Costa Rica,CRI,2020,25
Costa Rica,CRI,2021,25.17
Costa Rica,CRI,2022,25.35
Cote d'Ivoire,CIV,2000,9.58
Cote d'Ivoire,CIV,2001,9.92
Cote d'Ivoire,CIV,2002,10.26
Cote d'Ivoire,CIV,2003,10.6
Cote d'Ivoire,CIV,2004,10.94
Cote d'Ivoire,CIV,2005,11.28
Cote d'Ivoire,CIV,2006,11.62
Cote d'Ivoire,CIV,2007,11.97
Cote d'Ivoire,CIV,2008,12.32
Cote d'Ivoire,CIV,2009,12.67
Cote d'Ivoire,CIV,2010,13.02
Cote d'Ivoire,CIV,2011,13.38
Cote d'Ivoire,CIV,2012,13.74
Cote d'Ivoire,CIV,2013,14.1
Cote d'Ivoire,CIV,2014,14.46
Cote d'Ivoire,CIV,2015,14.83
Cote d'Ivoire,CIV,2016,15.2
Cote d'Ivoire,CIV,2017,15.57
Cote d'Ivoire,CIV,2018,15.94
Cote d'Ivoire,CIV,2019,16.32
Cote d'Ivoire,CIV,2020,16.69
Cote d'Ivoire,CIV,2021,16.97
Cote d'Ivoire,CIV,2022,17.25
Croatia,HRV,2000,78.8
Croatia,HRV,2001,78.84
Croatia,HRV,2002,78.73
Croatia,HRV,2003,78.62
Croatia,HRV,2004,78.51
Croatia,HRV,2005,78.4
Croatia,HRV,2006,78.29
Croatia,HRV,2007,78.18
Croatia,HRV,2008,78.07
Croatia,HRV,2009,77.96
Croatia,HRV,2010,77.85
Croatia,HRV,2011,77.74
Croatia,HRV,2012,77.63
Croatia,HRV,2013,77.53
Croatia,HRV,2014,77.44
Croatia,HRV,2015,77.51
Croatia,HRV,2016,77.59
Croatia,HRV,2017,77.67
Croatia,HRV,2018,77.73
Croatia,HRV,2019,77.81
Croatia,HRV,2020,77.88
Croatia,HRV,2021,77.96
Cuba,CUB,2000,42.53
Cuba,CUB,2001,42.65
Cuba,CUB,2002,42.77
Cuba,CUB,2003,42.9
Cuba,CUB,2004,43.04
Cuba,CUB,2005,42.94
Cuba,CUB,2006,42.84
Cuba,CUB,2007,42.73
Cuba,CUB,2008,42.62
Cuba,CUB,2009,42.51
Cuba,CUB,2010,42.39
Cuba,CUB,2011,42.28
Cuba,CUB,2012,42.16
Cuba,CUB,2013,42.04
Cuba,CUB,2014,41.93
Cuba,CUB,2015,41.81
Cuba,CUB,2016,41.69
Cuba,CUB,2017,41.57
Cuba,CUB,2018,41.44
Cuba,CUB,2019,41.31
Cuba,CUB,2020,41.17
Cuba,CUB,2021,41.03
Cuba,CUB,2022,41.33
Cyprus,CYP,2000,76.26
Cyprus,CYP,2001,76.3
Cyprus,CYP,2002,76.28
Cyprus,CYP,2003,76.16
Cyprus,CYP,2004,76.09
Cyprus,CYP,2005,76.13
Cyprus,CYP,2006,76.17
Cyprus,CYP,2007,76.21
Cyprus,CYP,2008,76.25
Cyprus,CYP,2009,76.29
Cyprus,CYP,2010,76.33
Cyprus,CYP,2011,76.38
Cyprus,CYP,2012,76.42
Cyprus,CYP,2013,76.47
Cyprus,CYP,2014,76.53
Cyprus,CYP,2015,76.59
Cyprus,CYP,2016,76.66
Cyprus,CYP,2017,76.74
Cyprus,CYP,2018,76.82
Cyprus,CYP,2019,76.81
Cyprus,CYP,2020,76.82
Cyprus,CYP,2021,76.83
Cyprus,CYP,2022,76.84
Czechia,CZE,2000,85.79
Czechia,CZE,2001,85.81
Czechia,CZE,2002,85.83
Czechia,CZE,2003,85.86
Czechia,CZE,2004,85.88
Czechia,CZE,2005,85.91
Czechia,CZE,2006,85.94
Czechia,CZE,2007,85.96
Czechia,CZE,2008,85.99
Czechia,CZE,2009,86.02
Czechia,CZE,2010,86.05
Czechia,CZE,2011,86.08
Czechia,CZE,2012,86.4
Czechia,CZE,2013,86.72
Czechia,CZE,2014,87.05
Czechia,CZE,2015,87.38
Czechia,CZE,2016,87.71
Czechia,CZE,2017,88.03
Czechia,CZE,2018,88.36
Czechia,CZE,2019,88.69
Czechia,CZE,2020,89.03
Czechia,CZE,2021,89.36
Czechia,CZE,2022,89.69
Democratic Republic of Congo,COD,2000,22.01
Democratic Republic of Congo,COD,2001,21.55
Democratic Republic of Congo,COD,2002,21.1
Democratic Republic of Congo,COD,2003,20.64
Democratic Republic of Congo,COD,2004,20.2
Democratic Republic of Congo,COD,2005,19.75
Democratic Republic of Congo,COD,2006,19.32
Democratic Republic of Congo,COD,2007,18.89
Democratic Republic of Congo,COD,2008,18.47
Democratic Republic of Congo,COD,2009,17.99
Democratic Republic of Congo,COD,2010,17.52
Democratic Republic of Congo,COD,2011,17.05
Democratic Republic of Congo,COD,2012,16.59
Democratic Republic of Congo,COD,2013,16.13
Democratic Republic of Congo,COD,2014,15.68
Democratic Republic of Congo,COD,2015,15.24
Democratic Republic of Congo,COD,2016,14.8
Democratic Republic of Congo,COD,2017,14.36
Democratic Republic of Congo,COD,2018,13.93
Democratic Republic of Congo,COD,2019,13.5
Democratic Republic of Congo,COD,2020,13.08
Democratic Republic of Congo,COD,2021,13.06
Democratic Republic of Congo,COD,2022,13.04
Denmark,DNK,2000,94.47
Denmark,DNK,2001,94.47
Denmark,DNK,2002,94.47
Denmark,DNK,2003,94.47
Denmark,DNK,2004,94.47
Denmark,DNK,2005,94.47
Denmark,DNK,2006,94.47
Denmark,DNK,2007,94.47
Denmark,DNK,2008,94.84
Denmark,DNK,2009,95.2
Denmark,DNK,2010,95.57
Denmark,DNK,2011,95.93
Denmark,DNK,2012,96.28
Denmark,DNK,2013,96.64
Denmark,DNK,2014,96.99
Denmark,DNK,2015,97.34
Denmark,DNK,2016,97.69
Denmark,DNK,2017,98.03
Denmark,DNK,2018,98.38
Denmark,DNK,2019,98.56
Denmark,DNK,2020,98.64
Denmark,DNK,2021,98.72
Denmark,DNK,2022,98.8
Djibouti,DJI,2000,26.47
Djibouti,DJI,2001,26.48
Djibouti,DJI,2002,26.49
Djibouti,DJI,2003,26.5
Djibouti,DJI,2004,26.5
Djibouti,DJI,2005,27.38
Djibouti,DJI,2006,28.25
Djibouti,DJI,2007,29.12
Djibouti,DJI,2008,29.99
Djibouti,DJI,2009,30.86
Djibouti,DJI,2010,31.72
Djibouti,DJI,2011,32.59
Djibouti,DJI,2012,33.45
Djibouti,DJI,2013,34.31
Djibouti,DJI,2014,35.18
Djibouti,DJI,2015,36.04
Djibouti,DJI,2016,36.9
Djibouti,DJI,2017,37.77
Djibouti,DJI,2018,38.63
Djibouti,DJI,2019,39.49
Djibouti,DJI,2020,39.53
Djibouti,DJI,2021,39.56
Djibouti,DJI,2022,39.6
Dominican Republic,DOM,2000,52.49
Dominican Republic,DOM,2001,52.73
Dominican Republic,DOM,2002,52.29
Dominican Republic,DOM,2003,51.81
Dominican Republic,DOM,2004,51.32
Dominican Republic,DOM,2005,50.83
Dominican Republic,DOM,2006,50.34
Dominican Republic,DOM,2007,49.86
Dominican Republic,DOM,2008,49.39
Dominican Republic,DOM,2009,48.92
Dominican Republic,DOM,2010,48.45
Dominican Republic,DOM,2011,47.99
Dominican Republic,DOM,2012,47.54
Dominican Republic,DOM,2013,47.09
Dominican Republic,DOM,2014,46.64
Dominican Republic,DOM,2015,46.2
Dominican Republic,DOM,2016,45.76
Dominican Republic,DOM,2017,45.31
Dominican Republic,DOM,2018,44.87
Dominican Republic,DOM,2019,44.44
Dominican Republic,DOM,2020,44
Dominican Republic,DOM,2021,43.56
Dominican Republic,DOM,2022,43.13
Eastern and South-Eastern Asia (UN),,2000,25.83
Eastern and South-Eastern Asia (UN),,2001,26.31
Eastern and South-Eastern Asia (UN),,2002,27.04
Eastern and South-Eastern Asia (UN),,2003,28.54
Eastern and South-Eastern Asia (UN),,2004,30.11
Eastern and South-Eastern Asia (UN),,2005,31.75
Eastern and South-Eastern Asia (UN),,2006,33.46
Eastern and South-Eastern Asia (UN),,2007,35.27
Eastern and South-Eastern Asia (UN),,2008,37.13
Eastern and South-Eastern Asia (UN),,2009,39.04
Eastern and South-Eastern Asia (UN),,2010,41.02
Eastern and South-Eastern Asia (UN),,2011,43.06
Eastern and South-Eastern Asia (UN),,2012,45.14
Eastern and South-Eastern Asia (UN),,2013,47.29
Eastern and South-Eastern Asia (UN),,2014,49.49
Eastern and South-Eastern Asia (UN),,2015,51.75
Eastern and South-Eastern Asia (UN),,2016,54.06
Eastern and South-Eastern Asia (UN),,2017,56.41
Eastern and South-Eastern Asia (UN),,2018,58.8
Eastern and South-Eastern Asia (UN),,2019,61.21
Eastern and South-Eastern Asia (UN),,2020,62.25
Eastern and South-Eastern Asia (UN),,2021,63.24
Eastern and South-Eastern Asia (UN),,2022,64.21
Ecuador,ECU,2000,39.98
Ecuador,ECU,2001,40.02
Ecuador,ECU,2002,40.06
Ecuador,ECU,2003,40.1
Ecuador,ECU,2004,40.14
Ecuador,ECU,2005,40.3
Ecuador,ECU,2006,40.46
Ecuador,ECU,2007,40.61
Ecuador,ECU,2008,40.76
Ecuador,ECU,2009,40.9
Ecuador,ECU,2010,41.04
Ecuador,ECU,2011,41.17
Ecuador,ECU,2012,41.31
Ecuador,ECU,2013,41.44
Ecuador,ECU,2014,41.56
Ecuador,ECU,2015,41.68
Ecuador,ECU,2016,41.8
Ecuador,ECU,2017,41.91
Ecuador,ECU,2018,41.96
Ecuador,ECU,2019,41.9
Ecuador,ECU,2020,41.86
Ecuador,ECU,2021,41.8
Ecuador,ECU,2022,41.59
Egypt,EGY,2000,54.03
Egypt,EGY,2001,54.01
Egypt,EGY,2002,53.99
Egypt,EGY,2003,53.98
Egypt,EGY,2004,54.72
Egypt,EGY,2005,55.47
Egypt,EGY,2006,56.23
Egypt,EGY,2007,56.97
Egypt,EGY,2008,57.72
Egypt,EGY,2009,58.47
Egypt,EGY,2010,59.23
Egypt,EGY,2011,59.99
Egypt,EGY,2012,60.74
Egypt,EGY,2013,61.5
Egypt,EGY,2014,62.27
Egypt,EGY,2015,63.03
Egypt,EGY,2016,63.8
Egypt,EGY,2017,64.58
Egypt,EGY,2018,65.41
Egypt,EGY,2019,66.28
Egypt,EGY,2020,67.15
Egypt,EGY,2021,67.16
Egypt,EGY,2022,67.17
Estonia,EST,2000,91.67
Estonia,EST,2001,91.55
Estonia,EST,2002,91.42
Estonia,EST,2003,91.25
Estonia,EST,2004,91.17
Estonia,EST,2005,91.08
Estonia,EST,2006,91
Estonia,EST,2007,90.91
Estonia,EST,2008,90.82
Estonia,EST,2009,90.73
Estonia,EST,2010,90.63
Estonia,EST,2011,90.54
Estonia,EST,2012,90.47
Estonia,EST,2013,90.42
Estonia,EST,2014,90.38
Estonia,EST,2015,90.39
Estonia,EST,2016,90.4
Estonia,EST,2017,90.42
Estonia,EST,2018,90.44
Estonia,EST,2019,90.41
Estonia,EST,2020,90.42
Estonia,EST,2021,90.42
Estonia,EST,2022,90.42
Ethiopia,ETH,2000,2.16
Ethiopia,ETH,2001,2.4
Ethiopia,ETH,2002,2.63
Ethiopia,ETH,2003,2.86
Ethiopia,ETH,2004,3.1
Ethiopia,ETH,2005,3.34
Ethiopia,ETH,2006,3.58
Ethiopia,ETH,2007,3.81
Ethiopia,ETH,2008,4.06
Ethiopia,ETH,2009,4.31
Ethiopia,ETH,2010,4.56
Ethiopia,ETH,2011,4.81
Ethiopia,ETH,2012,5.05
Ethiopia,ETH,2013,5.29
Ethiopia,ETH,2014,5.53
Ethiopia,ETH,2015,5.76
Ethiopia,ETH,2016,6
Ethiopia,ETH,2017,6.23
Ethiopia,ETH,2018,6.46
Ethiopia,ETH,2019,6.69
Ethiopia,ETH,2020,6.93
Ethiopia,ETH,2021,7.16
Ethiopia,ETH,2022,7.22
Europe (UN),,2000,72.35
Europe (UN),,2001,72.3
Europe (UN),,2002,72.5
Europe (UN),,2003,72.71
Europe (UN),,2004,72.98
Europe (UN),,2005,73.26
Europe (UN),,2006,73.48
Europe (UN),,2007,73.76
Europe (UN),,2008,74.04
Europe (UN),,2009,74.47
Europe (UN),,2010,74.92
Europe (UN),,2011,75.38
Europe (UN),,2012,75.83
Europe (UN),,2013,76.27
Europe (UN),,2014,76.7
Europe (UN),,2015,77.12
Europe (UN),,2016,77.53
Europe (UN),,2017,77.98
Europe (UN),,2018,78.38
Europe (UN),,2019,78.64
Europe (UN),,2020,78.78
Europe (UN),,2021,78.92
Europe (UN),,2022,79.1
Europe and Northern America (UN),,2000,78.17
Europe and Northern America (UN),,2001,78.21
Europe and Northern America (UN),,2002,78.41
Europe and Northern America (UN),,2003,78.65
Europe and Northern America (UN),,2004,78.93
Europe and Northern America (UN),,2005,79.21
Europe and Northern America (UN),,2006,79.44
Europe and Northern America (UN),,2007,79.71
Europe and Northern America (UN),,2008,79.98
Europe and Northern America (UN),,2009,80.35
Europe and Northern America (UN),,2010,80.75
Europe and Northern America (UN),,2011,81.15
Europe and Northern America (UN),,2012,81.53
Europe and Northern America (UN),,2013,81.91
Europe and Northern America (UN),,2014,82.26
Europe and Northern America (UN),,2015,82.61
Europe and Northern America (UN),,2016,82.94
Europe and Northern America (UN),,2017,83.3
Europe and Northern America (UN),,2018,83.62
Europe and Northern America (UN),,2019,83.85
Europe and Northern America (UN),,2020,83.97
Europe and Northern America (UN),,2021,84.09
Europe and Northern America (UN),,2022,84.24
Fiji,FJI,2000,42.91
Fiji,FJI,2001,42.9
Fiji,FJI,2002,42.89
Fiji,FJI,2003,43.45
Fiji,FJI,2004,44
Fiji,FJI,2005,44.54
Fiji,FJI,2006,44.95
Fiji,FJI,2007,45.35
Fiji,FJI,2008,45.73
Fiji,FJI,2009,46.11
Fiji,FJI,2010,46.47
Fiji,FJI,2011,46.82
Fiji,FJI,2012,47.16
Fiji,FJI,2013,47.49
Fiji,FJI,2014,47.81
Fiji,FJI,2015,48.12
Fiji,FJI,2016,48.42
Fiji,FJI,2017,48.72
Fiji,FJI,2018,49
Fiji,FJI,2019,49.27
Fiji,FJI,2020,49.24
Fiji,FJI,2021,49.02
Fiji,FJI,2022,48.79
Finland,FIN,2000,86.48
Finland,FIN,2001,86.64
Finland,FIN,2002,86.8
Finland,FIN,2003,86.96
Finland,FIN,2004,87.12
Finland,FIN,2005,87.28
Finland,FIN,2006,87.44
Finland,FIN,2007,87.6
Finland,FIN,2008,87.77
Finland,FIN,2009,87.93
Finland,FIN,2010,88.09
Finland,FIN,2011,88.25
Finland,FIN,2012,88.41
Finland,FIN,2013,88.57
Finland,FIN,2014,88.73
Finland,FIN,2015,88.89
Finland,FIN,2016,89.05
Finland,FIN,2017,89.21
Finland,FIN,2018,89.37
Finland,FIN,2019,89.53
Finland,FIN,2020,89.69
Finland,FIN,2021,89.85
Finland,FIN,2022,90.01
France,FRA,2000,88.83
France,FRA,2001,88.85
France,FRA,2002,88.87
France,FRA,2003,88.87
France,FRA,2004,88.86
France,FRA,2005,88.86
France,FRA,2006,88.86
France,FRA,2007,88.86
France,FRA,2008,88.85
France,FRA,2009,88.85
France,FRA,2010,88.85
France,FRA,2011,88.84
France,FRA,2012,88.92
France,FRA,2013,89
France,FRA,2014,89.07
France,FRA,2015,89.15
France,FRA,2016,89.22
France,FRA,2017,89.3
France,FRA,2018,89.37
France,FRA,2019,89.45
France,FRA,2020,89.52
France,FRA,2021,89.59
France,FRA,2022,89.67
French Guiana,GUF,2001,69.85
French Guiana,GUF,2002,69.85
French Guiana,GUF,2003,69.85
French Guiana,GUF,2004,69.85
French Guiana,GUF,2005,69.85
French Guiana,GUF,2006,70.17
French Guiana,GUF,2007,70.5
French Guiana,GUF,2008,70.82
French Guiana,GUF,2009,71.14
French Guiana,GUF,2010,71.47
French Guiana,GUF,2011,71.79
French Guiana,GUF,2012,72.11
French Guiana,GUF,2013,72.44
French Guiana,GUF,2014,72.76
French Guiana,GUF,2015,73.08
French Guiana,GUF,2016,73.4
French Guiana,GUF,2017,73.73
French Guiana,GUF,2018,74.05
French Guiana,GUF,2019,74.37
French Guiana,GUF,2020,74.7
French Guiana,GUF,2021,75.02
French Guiana,GUF,2022,75.02
Gambia,GMB,2000,43.24
Gambia,GMB,2001,42.04
Gambia,GMB,2002,40.85
Gambia,GMB,2003,39.74
Gambia,GMB,2004,38.67
Gambia,GMB,2005,38.08
Gambia,GMB,2006,37.49
Gambia,GMB,2007,36.91
Gambia,GMB,2008,36.33
Gambia,GMB,2009,35.75
Gambia,GMB,2010,35.17
Gambia,GMB,2011,34.6
Gambia,GMB,2012,34.02
Gambia,GMB,2013,33.45
Gambia,GMB,2014,32.87
Gambia,GMB,2015,32.28
Gambia,GMB,2016,31.7
Gambia,GMB,2017,31.1
Gambia,GMB,2018,30.5
Gambia,GMB,2019,29.89
Gambia,GMB,2020,29.27
Gambia,GMB,2021,28.63
Gambia,GMB,2022,27.99
Georgia,GEO,2000,42.61
Georgia,GEO,2001,41.97
Georgia,GEO,2002,41.18
Georgia,GEO,2003,40.29
Georgia,GEO,2004,39.42
Georgia,GEO,2005,38.56
Georgia,GEO,2006,37.69
Georgia,GEO,2007,36.82
Georgia,GEO,2008,35.95
Georgia,GEO,2009,35.08
Georgia,GEO,2010,34.2
Georgia,GEO,2011,33.32
Georgia,GEO,2012,32.44
Georgia,GEO,2013,31.56
Georgia,GEO,2014,30.65
Georgia,GEO,2015,29.73
Georgia,GEO,2016,28.81
Georgia,GEO,2017,27.88
Georgia,GEO,2018,26.94
Georgia,GEO,2019,26
Georgia,GEO,2020,25.12
Georgia,GEO,2021,24.55
Georgia,GEO,2022,24.08
Germany,DEU,2000,95.88
Germany,DEU,2001,95.89
Germany,DEU,2002,95.91
Germany,DEU,2003,95.92
Germany,DEU,2004,95.99
Germany,DEU,2005,96.06
Germany,DEU,2006,96.13
Germany,DEU,2007,96.2
Germany,DEU,2008,96.27
Germany,DEU,2009,96.33
Germany,DEU,2010,96.4
Germany,DEU,2011,96.47
Germany,DEU,2012,96.53
Germany,DEU,2013,96.58
Germany,DEU,2014,96.64
Germany,DEU,2015,96.69
Germany,DEU,2016,96.75
Germany,DEU,2017,96.81
Germany,DEU,2018,96.87
Germany,DEU,2019,96.87
Germany,DEU,2020,96.88
Germany,DEU,2021,96.88
Germany,DEU,2022,96.89
Ghana,GHA,2000,3.61
Ghana,GHA,2001,3.67
Ghana,GHA,2002,4.22
Ghana,GHA,2003,4.77
Ghana,GHA,2004,5.33
Ghana,GHA,2005,5.9
Ghana,GHA,2006,6.47
Ghana,GHA,2007,7.05
Ghana,GHA,2008,7.63
Ghana,GHA,2009,8.21
Ghana,GHA,2010,8.8
Ghana,GHA,2011,9.38
Ghana,GHA,2012,9.97
Ghana,GHA,2013,10.56
Ghana,GHA,2014,11.15
Ghana,GHA,2015,11.74
Ghana,GHA,2016,12.33
Ghana,GHA,2017,12.92
Ghana,GHA,2018,13.51
Ghana,GHA,2019,14.09
Ghana,GHA,2020,14.67
Ghana,GHA,2021,15.26
Ghana,GHA,2022,15.83
Greece,GRC,2000,77.11
Greece,GRC,2001,77.76
Greece,GRC,2002,78.48
Greece,GRC,2003,79.19
Greece,GRC,2004,79.91
Greece,GRC,2005,80.61
Greece,GRC,2006,81.32
Greece,GRC,2007,82.03
Greece,GRC,2008,82.73
Greece,GRC,2009,83.43
Greece,GRC,2010,84.13
Greece,GRC,2011,84.82
Greece,GRC,2012,85.51
Greece,GRC,2013,86.21
Greece,GRC,2014,86.89
Greece,GRC,2015,87.64
Greece,GRC,2016,88.39
Greece,GRC,2017,89.13
Greece,GRC,2018,89.87
Greece,GRC,2019,90.61
Greece,GRC,2020,91.34
Greece,GRC,2021,92.08
Greece,GRC,2022,92.16
Greenland,GRL,2014,0
Greenland,GRL,2015,0
Greenland,GRL,2016,0
Greenland,GRL,2017,0
Greenland,GRL,2018,0
Greenland,GRL,2019,0
Greenland,GRL,2020,0
Greenland,GRL,2021,0
Greenland,GRL,2022,0
Guinea-Bissau,GNB,2004,3.01
Guinea-Bissau,GNB,2005,3.65
Guinea-Bissau,GNB,2006,4.32
Guinea-Bissau,GNB,2007,5
Guinea-Bissau,GNB,2008,5.69
Guinea-Bissau,GNB,2009,6.38
Guinea-Bissau,GNB,2010,7.09
Guinea-Bissau,GNB,2011,7.8
Guinea-Bissau,GNB,2012,8.52
Guinea-Bissau,GNB,2013,9.25
Guinea-Bissau,GNB,2014,9.99
Guinea-Bissau,GNB,2015,10.74
Guinea-Bissau,GNB,2016,11.49
Guinea-Bissau,GNB,2017,12.25
Guinea-Bissau,GNB,2018,13.03
Guinea-Bissau,GNB,2019,13.81
Guinea-Bissau,GNB,2020,14.6
Guinea-Bissau,GNB,2021,15.4
Guinea-Bissau,GNB,2022,15.44
Guyana,GUY,2000,55.4
Guyana,GUY,2001,54.86
Guyana,GUY,2002,54.33
Guyana,GUY,2003,53.81
Guyana,GUY,2004,53.34
Guyana,GUY,2005,52.88
Guyana,GUY,2006,52.41
Guyana,GUY,2007,51.94
Guyana,GUY,2008,51.47
Guyana,GUY,2009,50.99
Guyana,GUY,2010,50.52
Guyana,GUY,2011,50.04
Guyana,GUY,2012,49.52
Guyana,GUY,2013,49
Guyana,GUY,2014,48.48
Guyana,GUY,2015,47.96
Guyana,GUY,2016,47.43
Guyana,GUY,2017,46.91
Guyana,GUY,2018,46.37
Guyana,GUY,2019,45.84
Guyana,GUY,2020,45.3
Guyana,GUY,2021,44.76
Guyana,GUY,2022,44.22
Honduras,HND,2000,43.53
Honduras,HND,2001,44.17
Honduras,HND,2002,44.78
Honduras,HND,2003,45.38
Honduras,HND,2004,45.96
Honduras,HND,2005,46.45
Honduras,HND,2006,46.93
Honduras,HND,2007,47.39
Honduras,HND,2008,47.83
Honduras,HND,2009,48.27
Honduras,HND,2010,48.68
Honduras,HND,2011,49.08
Honduras,HND,2012,49.47
Honduras,HND,2013,49.84
Honduras,HND,2014,50.19
Honduras,HND,2015,50.54
Honduras,HND,2016,50.87
Honduras,HND,2017,51.18
Honduras,HND,2018,51.49
Honduras,HND,2019,51.78
Honduras,HND,2020,52.06
Honduras,HND,2021,52.32
Honduras,HND,2022,52.61
Hong Kong,HKG,2000,75.21
Hong Kong,HKG,2001,75.21
Hong Kong,HKG,2002,75.21
Hong Kong,HKG,2003,75.21
Hong Kong,HKG,2004,75.19
Hong Kong,HKG,2005,75.18
Hong Kong,HKG,2006,75.17
Hong Kong,HKG,2007,75.16
Hong Kong,HKG,2008,75.14
Hong Kong,HKG,2009,75.13
Hong Kong,HKG,2010,75.12
Hong Kong,HKG,2011,75.1
Hong Kong,HKG,2012,75.09
Hong Kong,HKG,2013,75.08
Hong Kong,HKG,2014,77.64
Hong Kong,HKG,2015,80.2
Hong Kong,HKG,2016,82.77
Hong Kong,HKG,2017,85.33
Hong Kong,HKG,2018,87.9
Hong Kong,HKG,2019,90.46
Hong Kong,HKG,2020,93.02
Hong Kong,HKG,2021,95.6
Hong Kong,HKG,2022,96.5
Hungary,HUN,2000,65.7
Hungary,HUN,2001,65.43
Hungary,HUN,2002,65.16
Hungary,HUN,2003,64.89
Hungary,HUN,2004,66.17
Hungary,HUN,2005,67.49
Hungary,HUN,2006,68.86
Hungary,HUN,2007,70.27
Hungary,HUN,2008,71.72
Hungary,HUN,2009,73.22
Hungary,HUN,2010,74.75
Hungary,HUN,2011,76.32
Hungary,HUN,2012,77.92
Hungary,HUN,2013,79.55
Hungary,HUN,2014,81.22
Hungary,HUN,2015,82.93
Hungary,HUN,2016,84.68
Hungary,HUN,2017,86.9
Hungary,HUN,2018,87.72
Hungary,HUN,2019,87.75
Hungary,HUN,2020,87.78
Hungary,HUN,2021,87.81
Hungary,HUN,2022,87.84
India,IND,2000,6.1
India,IND,2001,7.4
India,IND,2002,8.78
India,IND,2003,10.18
India,IND,2004,12.56
India,IND,2005,14.66
India,IND,2006,16.77
India,IND,2007,18.96
India,IND,2008,21.17
India,IND,2009,23.39
India,IND,2010,25.62
India,IND,2011,27.86
India,IND,2012,30.12
India,IND,2013,32.39
India,IND,2014,34.67
India,IND,2015,36.96
India,IND,2016,39.25
India,IND,2017,41.48
India,IND,2018,43.63
India,IND,2019,45.77
India,IND,2020,47.9
India,IND,2021,50.02
India,IND,2022,52.14
Iraq,IRQ,2000,25.58
Iraq,IRQ,2001,26.6
Iraq,IRQ,2002,27.63
Iraq,IRQ,2003,28.65
Iraq,IRQ,2004,29.67
Iraq,IRQ,2005,30.3
Iraq,IRQ,2006,30.98
Iraq,IRQ,2007,31.72
Iraq,IRQ,2008,32.52
Iraq,IRQ,2009,33.37
Iraq,IRQ,2010,34.28
Iraq,IRQ,2011,35.26
Iraq,IRQ,2012,36.29
Iraq,IRQ,2013,37.99
Iraq,IRQ,2014,39.78
Iraq,IRQ,2015,41.67
Iraq,IRQ,2016,43.66
Iraq,IRQ,2017,45.75
Iraq,IRQ,2018,47.81
Iraq,IRQ,2019,49.61
Iraq,IRQ,2020,51.37
Iraq,IRQ,2021,52.06
Iraq,IRQ,2022,52.77
Ireland,IRL,2000,54.77
Ireland,IRL,2001,56.12
Ireland,IRL,2002,57.49
Ireland,IRL,2003,58.86
Ireland,IRL,2004,60.25
Ireland,IRL,2005,61.64
Ireland,IRL,2006,63.17
Ireland,IRL,2007,64.72
Ireland,IRL,2008,66.29
Ireland,IRL,2009,67.88
Ireland,IRL,2010,69.48
Ireland,IRL,2011,71.1
Ireland,IRL,2012,72.74
Ireland,IRL,2013,74.36
Ireland,IRL,2014,76
Ireland,IRL,2015,77.66
Ireland,IRL,2016,79.01
Ireland,IRL,2017,79.11
Ireland,IRL,2018,79.22
Ireland,IRL,2019,79.4
Ireland,IRL,2020,79.59
Ireland,IRL,2021,79.78
Ireland,IRL,2022,79.8
Isle of Man,IMN,2000,84.82
Isle of Man,IMN,2001,84.82
Isle of Man,IMN,2002,84.82
Isle of Man,IMN,2003,84.82
Isle of Man,IMN,2004,84.82
Isle of Man,IMN,2005,84.82
Isle of Man,IMN,2006,84.82
Isle of Man,IMN,2007,84.82
Isle of Man,IMN,2008,84.82
Isle of Man,IMN,2009,84.82
Isle of Man,IMN,2010,84.82
Isle of Man,IMN,2011,84.82
Isle of Man,IMN,2012,84.82
Isle of Man,IMN,2013,84.82
Isle of Man,IMN,2014,84.82
Isle of Man,IMN,2015,84.82
Isle of Man,IMN,2016,84.82
Isle of Man,IMN,2017,84.82
Isle of Man,IMN,2018,84.82
Isle of Man,IMN,2019,84.82
Isle of Man,IMN,2020,84.82
Isle of Man,IMN,2021,84.82
Isle of Man,IMN,2022,84.82
Israel,ISR,2000,80.21
Israel,ISR,2001,80.91
Israel,ISR,2002,81.62
Israel,ISR,2003,82.32
Israel,ISR,2004,83.04
Israel,ISR,2005,83.75
Israel,ISR,2006,84.47
Israel,ISR,2007,85.19
Israel,ISR,2008,85.91
Israel,ISR,2009,86.63
Israel,ISR,2010,87.36
Israel,ISR,2011,88.09
Israel,ISR,2012,88.82
Israel,ISR,2013,89.55
Israel,ISR,2014,90.28
Israel,ISR,2015,91.02
Israel,ISR,2016,91.76
Israel,ISR,2017,92.5
Israel,ISR,2018,93.25
Israel,ISR,2019,93.99
Israel,ISR,2020,94.74
Israel,ISR,2021,95.5
Israel,ISR,2022,96.25
Italy,ITA,2000,78.92
Italy,ITA,2001,78.92
Italy,ITA,2002,78.92
Italy,ITA,2003,78.93
Italy,ITA,2004,78.93
Italy,ITA,2005,78.94
Italy,ITA,2006,78.94
Italy,ITA,2007,78.95
Italy,ITA,2008,78.95
Italy,ITA,2009,78.96
Italy,ITA,2010,78.96
Italy,ITA,2011,78.97
Italy,ITA,2012,78.97
Italy,ITA,2013,78.98
Italy,ITA,2014,78.99
Italy,ITA,2015,79
Italy,ITA,2016,79
Italy,ITA,2017,79.01
Italy,ITA,2018,79.01
Italy,ITA,2019,79.02
Italy,ITA,2020,79.02
Italy,ITA,2021,79.03
Italy,ITA,2022,79.03
Japan,JPN,2000,96.4
Japan,JPN,2001,96.55
Japan,JPN,2002,96.69
Japan,JPN,2003,96.83
Japan,JPN,2004,96.97
Japan,JPN,2005,97.1
Japan,JPN,2006,97.22
Japan,JPN,2007,97.4
Japan,JPN,2008,97.57
Japan,JPN,2009,97.73
Japan,JPN,2010,97.89
Japan,JPN,2011,98.04
Japan,JPN,2012,98.19
Japan,JPN,2013,98.34
Japan,JPN,2014,98.47
Japan,JPN,2015,98.61
Japan,JPN,2016,98.73
Japan,JPN,2017,98.86
Japan,JPN,2018,98.92
Japan,JPN,2019,98.98
Japan,JPN,2020,99.03
Japan,JPN,2021,99.09
Japan,JPN,2022,99.14
Jordan,JOR,2000,75.99
Jordan,JOR,2001,75.97
Jordan,JOR,2002,75.99
Jordan,JOR,2003,75.99
Jordan,JOR,2004,76
Jordan,JOR,2005,76.52
Jordan,JOR,2006,77.18
Jordan,JOR,2007,77.79
Jordan,JOR,2008,78.37
Jordan,JOR,2009,78.92
Jordan,JOR,2010,79.44
Jordan,JOR,2011,79.91
Jordan,JOR,2012,80.36
Jordan,JOR,2013,80.77
Jordan,JOR,2014,81.15
Jordan,JOR,2015,81.34
Jordan,JOR,2016,81.53
Jordan,JOR,2017,81.71
Jordan,JOR,2018,81.89
Jordan,JOR,2019,82.06
Jordan,JOR,2020,82.23
Jordan,JOR,2021,82.28
Jordan,JOR,2022,82.34
Kenya,KEN,2000,24.47
Kenya,KEN,2001,24.76
Kenya,KEN,2002,25.1
Kenya,KEN,2003,25.44
Kenya,KEN,2004,25.79
Kenya,KEN,2005,26.13
Kenya,KEN,2006,26.48
Kenya,KEN,2007,26.82
Kenya,KEN,2008,27.14
Kenya,KEN,2009,27.45
Kenya,KEN,2010,27.76
Kenya,KEN,2011,28.07
Kenya,KEN,2012,28.38
Kenya,KEN,2013,28.69
Kenya,KEN,2014,29
Kenya,KEN,2015,29.31
Kenya,KEN,2016,29.63
Kenya,KEN,2017,29.94
Kenya,KEN,2018,30.25
Kenya,KEN,2019,30.56
Kenya,KEN,2020,30.87
Kenya,KEN,2021,31.19
Kenya,KEN,2022,31.5
Kiribati,KIR,2000,16.99
Kiribati,KIR,2001,17.73
Kiribati,KIR,2002,18.41
Kiribati,KIR,2003,19.1
Kiribati,KIR,2004,19.79
Kiribati,KIR,2005,20.23
Kiribati,KIR,2006,20.7
Kiribati,KIR,2007,21.2
Kiribati,KIR,2008,21.52
Kiribati,KIR,2009,21.83
Kiribati,KIR,2010,22.12
Kiribati,KIR,2011,22.41
Kiribati,KIR,2012,22.68
Kiribati,KIR,2013,22.93
Kiribati,KIR,2014,23.17
Kiribati,KIR,2015,23.4
Kiribati,KIR,2016,23.61
Kiribati,KIR,2017,23.81
Kiribati,KIR,2018,24
Kiribati,KIR,2019,24.17
Kiribati,KIR,2020,24.32
Kiribati,KIR,2021,24.46
Kiribati,KIR,2022,24.79
Kuwait,KWT,2000,100
Kuwait,KWT,2001,100
Kuwait,KWT,2002,100
Kuwait,KWT,2003,100
Kuwait,KWT,2004,100
Kuwait,KWT,2005,100
Kuwait,KWT,2006,100
Kuwait,KWT,2007,100
Kuwait,KWT,2008,100
Kuwait,KWT,2009,100
Kuwait,KWT,2010,100
Kuwait,KWT,2011,100
Kuwait,KWT,2012,100
Kuwait,KWT,2013,100
Kuwait,KWT,2014,100
Kuwait,KWT,2015,100
Kuwait,KWT,2016,100
Kuwait,KWT,2017,100
Kuwait,KWT,2018,100
Kuwait,KWT,2019,100
Kuwait,KWT,2020,100
Kuwait,KWT,2021,100
Kuwait,KWT,2022,100
Kyrgyzstan,KGZ,2000,85.11
Kyrgyzstan,KGZ,2001,85.23
Kyrgyzstan,KGZ,2002,85.63
Kyrgyzstan,KGZ,2003,86.03
Kyrgyzstan,KGZ,2004,86.43
Kyrgyzstan,KGZ,2005,86.91
Kyrgyzstan,KGZ,2006,87.39
Kyrgyzstan,KGZ,2007,87.85
Kyrgyzstan,KGZ,2008,88.32
Kyrgyzstan,KGZ,2009,88.78
Kyrgyzstan,KGZ,2010,89.24
Kyrgyzstan,KGZ,2011,89.69
Kyrgyzstan,KGZ,2012,90.13
Kyrgyzstan,KGZ,2013,90.57
Kyrgyzstan,KGZ,2014,91.01
Kyrgyzstan,KGZ,2015,91.44
Kyrgyzstan,KGZ,2016,91.81
Kyrgyzstan,KGZ,2017,91.99
Kyrgyzstan,KGZ,2018,92.17
Kyrgyzstan,KGZ,2019,92.34
Kyrgyzstan,KGZ,2020,92.51
Kyrgyzstan,KGZ,2021,92.58
Kyrgyzstan,KGZ,2022,92.64
Laos,LAO,2000,21.75
Laos,LAO,2001,24.4
Laos,LAO,2002,26.77
Laos,LAO,2003,29.11
Laos,LAO,2004,31.43
Laos,LAO,2005,33.67
Laos,LAO,2006,35.78
Laos,LAO,2007,37.88
Laos,LAO,2008,39.95
Laos,LAO,2009,42.01
Laos,LAO,2010,44.04
Laos,LAO,2011,46.06
Laos,LAO,2012,48.05
Laos,LAO,2013,50.02
Laos,LAO,2014,51.98
Laos,LAO,2015,53.91
Laos,LAO,2016,55.82
Laos,LAO,2017,57.7
Laos,LAO,2018,59.57
Laos,LAO,2019,61.06
Laos,LAO,2020,61.08
Laos,LAO,2021,61.1
Laos,LAO,2022,61.13
Latin America and the Caribbean (UN),,2000,30.32
Latin America and the Caribbean (UN),,2001,30.67
Latin America and the Caribbean (UN),,2002,30.97
Latin America and the Caribbean (UN),,2003,31.65
Latin America and the Caribbean (UN),,2004,32.38
Latin America and the Caribbean (UN),,2005,33.12
Latin America and the Caribbean (UN),,2006,33.88
Latin America and the Caribbean (UN),,2007,34.64
Latin America and the Caribbean (UN),,2008,35.42
Latin America and the Caribbean (UN),,2009,36.21
Latin America and the Caribbean (UN),,2010,37.02
Latin America and the Caribbean (UN),,2011,37.85
Latin America and the Caribbean (UN),,2012,38.86
Latin America and the Caribbean (UN),,2013,39.88
Latin America and the Caribbean (UN),,2014,40.93
Latin America and the Caribbean (UN),,2015,41.99
Latin America and the Caribbean (UN),,2016,43.04
Latin America and the Caribbean (UN),,2017,44.04
Latin America and the Caribbean (UN),,2018,45.14
Latin America and the Caribbean (UN),,2019,46.26
Latin America and the Caribbean (UN),,2020,47.28
Latin America and the Caribbean (UN),,2021,48.41
Latin America and the Caribbean (UN),,2022,49.17
Latvia,LVA,2000,66.77
Latvia,LVA,2001,66.76
Latvia,LVA,2002,66.96
Latvia,LVA,2003,67.09
Latvia,LVA,2004,67.17
Latvia,LVA,2005,67.25
Latvia,LVA,2006,68.33
Latvia,LVA,2007,69.41
Latvia,LVA,2008,70.51
Latvia,LVA,2009,71.62
Latvia,LVA,2010,72.74
Latvia,LVA,2011,73.87
Latvia,LVA,2012,75
Latvia,LVA,2013,76.15
Latvia,LVA,2014,77.3
Latvia,LVA,2015,78.62
Latvia,LVA,2016,79.96
Latvia,LVA,2017,81.31
Latvia,LVA,2018,82.45
Latvia,LVA,2019,83.61
Latvia,LVA,2020,84.68
Latvia,LVA,2021,85.24
Least Developed Countries (LDCs),,2000,14.35
Least Developed Countries (LDCs),,2001,14.82
Least Developed Countries (LDCs),,2002,15.29
Least Developed Countries (LDCs),,2003,15.76
Least Developed Countries (LDCs),,2004,16.25
Least Developed Countries (LDCs),,2005,16.79
Least Developed Countries (LDCs),,2006,17.32
Least Developed Countries (LDCs),,2007,17.84
Least Developed Countries (LDCs),,2008,18.37
Least Developed Countries (LDCs),,2009,18.87
Least Developed Countries (LDCs),,2010,19.35
Least Developed Countries (LDCs),,2011,19.68
Least Developed Countries (LDCs),,2012,20.15
Least Developed Countries (LDCs),,2013,20.61
Least Developed Countries (LDCs),,2014,21.16
Least Developed Countries (LDCs),,2015,21.72
Least Developed Countries (LDCs),,2016,22.27
Least Developed Countries (LDCs),,2017,22.84
Least Developed Countries (LDCs),,2018,23.37
Least Developed Countries (LDCs),,2019,23.89
Least Developed Countries (LDCs),,2020,24.4
Least Developed Countries (LDCs),,2021,26.39
Least Developed Countries (LDCs),,2022,26.68
Lebanon,LBN,2000,17.85
Lebanon,LBN,2001,17.85
Lebanon,LBN,2002,17.85
Lebanon,LBN,2003,18.35
Lebanon,LBN,2004,18.84
Lebanon,LBN,2005,19.34
Lebanon,LBN,2006,19.83
Lebanon,LBN,2007,20.33
Lebanon,LBN,2008,20.82
Lebanon,LBN,2009,21.31
Lebanon,LBN,2010,21.81
Lebanon,LBN,2011,22.3
Lebanon,LBN,2012,22.8
Lebanon,LBN,2013,23.29
Lebanon,LBN,2014,23.79
Lebanon,LBN,2015,24.28
Lebanon,LBN,2016,24.78
Lebanon,LBN,2017,25.27
Lebanon,LBN,2018,25.77
Lebanon,LBN,2019,26.19
Lebanon,LBN,2020,25.97
Lebanon,LBN,2021,25.67
Lebanon,LBN,2022,25.67
Lesotho,LSO,2000,6.96
Lesotho,LSO,2001,9.25
Lesotho,LSO,2002,11.53
Lesotho,LSO,2003,13.76
Lesotho,LSO,2004,15.96
Lesotho,LSO,2005,18.13
Lesotho,LSO,2006,20.27
Lesotho,LSO,2007,22.38
Lesotho,LSO,2008,24.47
Lesotho,LSO,2009,26.53
Lesotho,LSO,2010,28.56
Lesotho,LSO,2011,30.57
Lesotho,LSO,2012,32.56
Lesotho,LSO,2013,34.52
Lesotho,LSO,2014,36.46
Lesotho,LSO,2015,38.38
Lesotho,LSO,2016,40.27
Lesotho,LSO,2017,42.15
Lesotho,LSO,2018,44
Lesotho,LSO,2019,45.82
Lesotho,LSO,2020,47.62
Lesotho,LSO,2021,47.57
Lesotho,LSO,2022,47.52
Libya,LBY,2000,27.14
Libya,LBY,2001,26.93
Libya,LBY,2002,26.73
Libya,LBY,2003,26.52
Libya,LBY,2004,26.31
Libya,LBY,2005,26.11
Libya,LBY,2006,25.9
Libya,LBY,2007,25.7
Libya,LBY,2008,25.49
Libya,LBY,2009,25.29
Libya,LBY,2010,25.08
Libya,LBY,2011,24.88
Libya,LBY,2012,24.67
Libya,LBY,2013,24.47
Libya,LBY,2014,24.26
Libya,LBY,2015,24.06
Libya,LBY,2016,23.83
Libya,LBY,2017,23.83
Libya,LBY,2018,23.83
Libya,LBY,2019,23.83
Libya,LBY,2020,23.83
Libya,LBY,2021,23.83
Libya,LBY,2022,23.83
Liechtenstein,LIE,2000,96.22
Liechtenstein,LIE,2001,96.22
Liechtenstein,LIE,2002,96.22
Liechtenstein,LIE,2003,96.22
Liechtenstein,LIE,2004,96.22
Liechtenstein,LIE,2005,96.22
Liechtenstein,LIE,2006,96.22
Liechtenstein,LIE,2007,96.22
Liechtenstein,LIE,2008,96.22
Liechtenstein,LIE,2009,96.22
Liechtenstein,LIE,2010,96.22
Liechtenstein,LIE,2011,96.22
Liechtenstein,LIE,2012,96.22
Liechtenstein,LIE,2013,96.22
Liechtenstein,LIE,2014,96.22
Liechtenstein,LIE,2015,96.22
Liechtenstein,LIE,2016,96.22
Liechtenstein,LIE,2017,96.22
Liechtenstein,LIE,2018,96.22
Liechtenstein,LIE,2019,96.22
Liechtenstein,LIE,2020,96.22
Liechtenstein,LIE,2021,96.22
Liechtenstein,LIE,2022,96.22
Lithuania,LTU,2000,80.43
Lithuania,LTU,2001,80.81
Lithuania,LTU,2002,81.19
Lithuania,LTU,2003,81.56
Lithuania,LTU,2004,81.94
Lithuania,LTU,2005,82.34
Lithuania,LTU,2006,82.75
Lithuania,LTU,2007,83.17
Lithuania,LTU,2008,83.58
Lithuania,LTU,2009,84.02
Lithuania,LTU,2010,84.46
Lithuania,LTU,2011,85.52
Lithuania,LTU,2012,86.61
Lithuania,LTU,2013,87.71
Lithuania,LTU,2014,88.83
Lithuania,LTU,2015,89.96
Lithuania,LTU,2016,91.09
Lithuania,LTU,2017,92.22
Lithuania,LTU,2018,93.23
Lithuania,LTU,2019,93.76
Lithuania,LTU,2020,94.28
Lithuania,LTU,2021,94.79
Lithuania,LTU,2022,95.31
Luxembourg,LUX,2000,92.16
Luxembourg,LUX,2001,92.2
Luxembourg,LUX,2002,92.24
Luxembourg,LUX,2003,92.27
Luxembourg,LUX,2004,92.3
Luxembourg,LUX,2005,92.33
Luxembourg,LUX,2006,92.36
Luxembourg,LUX,2007,92.39
Luxembourg,LUX,2008,92.41
Luxembourg,LUX,2009,92.44
Luxembourg,LUX,2010,92.47
Luxembourg,LUX,2011,92.49
Luxembourg,LUX,2012,92.52
Luxembourg,LUX,2013,92.84
Luxembourg,LUX,2014,93.17
Luxembourg,LUX,2015,93.5
Luxembourg,LUX,2016,93.83
Luxembourg,LUX,2017,94.16
Luxembourg,LUX,2018,94.49
Luxembourg,LUX,2019,94.81
Luxembourg,LUX,2020,95.14
Luxembourg,LUX,2021,95.47
Luxembourg,LUX,2022,95.8
Macao,MAC,2000,55.03
Macao,MAC,2001,55.03
Macao,MAC,2002,55.03
Macao,MAC,2003,55.03
Macao,MAC,2004,55.03
Macao,MAC,2005,55.03
Macao,MAC,2006,55.03
Macao,MAC,2007,55.03
Macao,MAC,2008,55.03
Macao,MAC,2009,55.03
Macao,MAC,2010,56.04
Macao,MAC,2011,57.04
Macao,MAC,2012,58.05
Macao,MAC,2013,59.06
Macao,MAC,2014,60.07
Macao,MAC,2015,61.07
Macao,MAC,2016,62.08
Macao,MAC,2017,63.09
Macao,MAC,2018,64.09
Macao,MAC,2019,65.1
Macao,MAC,2020,66.11
Macao,MAC,2021,67.12
Macao,MAC,2022,68.12
Madagascar,MDG,2000,3.17
Madagascar,MDG,2001,3.56
Madagascar,MDG,2002,3.96
Madagascar,MDG,2003,4.36
Madagascar,MDG,2004,4.75
Madagascar,MDG,2005,5.17
Madagascar,MDG,2006,5.58
Madagascar,MDG,2007,6
Madagascar,MDG,2008,6.41
Madagascar,MDG,2009,6.83
Madagascar,MDG,2010,7.25
Madagascar,MDG,2011,7.67
Madagascar,MDG,2012,8.09
Madagascar,MDG,2013,8.51
Madagascar,MDG,2014,8.93
Madagascar,MDG,2015,9.35
Madagascar,MDG,2016,9.77
Madagascar,MDG,2017,10.2
Madagascar,MDG,2018,10.62
Madagascar,MDG,2019,11.05
Madagascar,MDG,2020,11.47
Madagascar,MDG,2021,11.9
Madagascar,MDG,2022,12.33
Malawi,MWI,2000,7.83
Malawi,MWI,2001,7.84
Malawi,MWI,2002,7.85
Malawi,MWI,2003,7.85
Malawi,MWI,2004,7.86
Malawi,MWI,2005,10.06
Malawi,MWI,2006,12.25
Malawi,MWI,2007,14.44
Malawi,MWI,2008,16.61
Malawi,MWI,2009,18.78
Malawi,MWI,2010,20.95
Malawi,MWI,2011,23.1
Malawi,MWI,2012,25.25
Malawi,MWI,2013,27.39
Malawi,MWI,2014,29.52
Malawi,MWI,2015,31.64
Malawi,MWI,2016,33.75
Malawi,MWI,2017,35.85
Malawi,MWI,2018,37.94
Malawi,MWI,2019,40.02
Malawi,MWI,2020,42.09
Malawi,MWI,2021,44.15
Malawi,MWI,2022,46.19
Malaysia,MYS,2000,76.11
Malaysia,MYS,2001,76.28
Malaysia,MYS,2002,76.45
Malaysia,MYS,2003,76.61
Malaysia,MYS,2004,76.78
Malaysia,MYS,2005,76.94
Malaysia,MYS,2006,77.09
Malaysia,MYS,2007,77.24
Malaysia,MYS,2008,77.63
Malaysia,MYS,2009,78.02
Malaysia,MYS,2010,78.55
Malaysia,MYS,2011,79.09
Malaysia,MYS,2012,79.62
Malaysia,MYS,2013,80.16
Malaysia,MYS,2014,80.7
Malaysia,MYS,2015,81.25
Malaysia,MYS,2016,81.79
Malaysia,MYS,2017,82.34
Malaysia,MYS,2018,83.05
Malaysia,MYS,2019,83.78
Malaysia,MYS,2020,84.51
Malaysia,MYS,2021,85.25
Malaysia,MYS,2022,85.97
Mali,MLI,2000,4.64
Mali,MLI,2001,5.12
Mali,MLI,2002,5.61
Mali,MLI,2003,6.1
Mali,MLI,2004,6.6
Mali,MLI,2005,7.11
Mali,MLI,2006,7.62
Mali,MLI,2007,8.14
Mali,MLI,2008,8.66
Mali,MLI,2009,9.17
Mali,MLI,2010,9.69
Mali,MLI,2011,10.21
Mali,MLI,2012,10.73
Mali,MLI,2013,11.25
Mali,MLI,2014,11.77
Mali,MLI,2015,12.3
Mali,MLI,2016,12.82
Mali,MLI,2017,13.34
Mali,MLI,2018,13.86
Mali,MLI,2019,14.38
Mali,MLI,2020,14.89
Mali,MLI,2021,15.41
Mali,MLI,2022,15.92
Malta,MLT,2000,99.28
Malta,MLT,2001,99.28
Malta,MLT,2002,99.28
Malta,MLT,2003,99.28
Malta,MLT,2004,98.42
Malta,MLT,2005,97.57
Malta,MLT,2006,96.72
Malta,MLT,2007,95.86
Malta,MLT,2008,95.01
Malta,MLT,2009,94.15
Malta,MLT,2010,93.3
Malta,MLT,2011,92.45
Malta,MLT,2012,91.59
Malta,MLT,2013,90.74
Malta,MLT,2014,89.88
Malta,MLT,2015,89.03
Malta,MLT,2016,88.18
Malta,MLT,2017,88.18
Malta,MLT,2018,88.18
Malta,MLT,2019,88.18
Malta,MLT,2020,88.18
Malta,MLT,2021,88.18
Malta,MLT,2022,88.18
Mexico,MEX,2000,17.58
Mexico,MEX,2001,17.68
Mexico,MEX,2002,17.78
Mexico,MEX,2003,19.71
Mexico,MEX,2004,21.68
Mexico,MEX,2005,23.68
Mexico,MEX,2006,25.72
Mexico,MEX,2007,27.78
Mexico,MEX,2008,29.88
Mexico,MEX,2009,32.01
Mexico,MEX,2010,34.18
Mexico,MEX,2011,36.37
Mexico,MEX,2012,38.6
Mexico,MEX,2013,40.86
Mexico,MEX,2014,43.15
Mexico,MEX,2015,45.47
Mexico,MEX,2016,47.82
Mexico,MEX,2017,50.2
Mexico,MEX,2018,52.61
Mexico,MEX,2019,55.05
Mexico,MEX,2020,57.52
Mexico,MEX,2021,60.02
Mexico,MEX,2022,62.5
Monaco,MCO,2000,100
Monaco,MCO,2001,100
Monaco,MCO,2002,100
Monaco,MCO,2003,100
Monaco,MCO,2004,100
Monaco,MCO,2005,100
Monaco,MCO,2006,100
Monaco,MCO,2007,100
Monaco,MCO,2008,100
Monaco,MCO,2009,100
Monaco,MCO,2010,100
Monaco,MCO,2011,100
Monaco,MCO,2012,100
Monaco,MCO,2013,100
Monaco,MCO,2014,100
Monaco,MCO,2015,100
Monaco,MCO,2016,100
Monaco,MCO,2017,100
Monaco,MCO,2018,100
Monaco,MCO,2019,100
Monaco,MCO,2020,100
Monaco,MCO,2021,100
Monaco,MCO,2022,100
Mongolia,MNG,2000,41.86
Mongolia,MNG,2001,42.6
Mongolia,MNG,2002,43.3
Mongolia,MNG,2003,43.99
Mongolia,MNG,2004,45.36
Mongolia,MNG,2005,46.72
Mongolia,MNG,2006,48.09
Mongolia,MNG,2007,49.45
Mongolia,MNG,2008,50.8
Mongolia,MNG,2009,52.15
Mongolia,MNG,2010,53.5
Mongolia,MNG,2011,54.69
Mongolia,MNG,2012,55.8
Mongolia,MNG,2013,56.93
Mongolia,MNG,2014,58.07
Mongolia,MNG,2015,59.22
Mongolia,MNG,2016,60.38
Mongolia,MNG,2017,61.55
Mongolia,MNG,2018,62.74
Mongolia,MNG,2019,63.94
Mongolia,MNG,2020,65.15
Mongolia,MNG,2021,65.56
Mongolia,MNG,2022,65.96
Montenegro,MNE,2006,23.95
Montenegro,MNE,2007,26.27
Montenegro,MNE,2008,28.56
Montenegro,MNE,2009,30.83
Montenegro,MNE,2010,33.07
Montenegro,MNE,2011,35.28
Montenegro,MNE,2012,37.46
Montenegro,MNE,2013,39.62
Montenegro,MNE,2014,41.75
Montenegro,MNE,2015,43.86
Montenegro,MNE,2016,45.94
Montenegro,MNE,2017,47.99
Montenegro,MNE,2018,50.01
Montenegro,MNE,2019,51.73
Montenegro,MNE,2020,53.42
Montenegro,MNE,2021,55.4
Montenegro,MNE,2022,57.4
Morocco,MAR,2000,48.73
Morocco,MAR,2001,49.28
Morocco,MAR,2002,50.13
Morocco,MAR,2003,51
Morocco,MAR,2004,51.79
Morocco,MAR,2005,52.33
Morocco,MAR,2006,52.88
Morocco,MAR,2007,53.43
Morocco,MAR,2008,53.98
Morocco,MAR,2009,54.53
Morocco,MAR,2010,55.08
Morocco,MAR,2011,55.63
Morocco,MAR,2012,56.17
Morocco,MAR,2013,56.72
Morocco,MAR,2014,57.26
Morocco,MAR,2015,57.81
Morocco,MAR,2016,58.35
Morocco,MAR,2017,58.89
Morocco,MAR,2018,59.43
Morocco,MAR,2019,60.06
Morocco,MAR,2020,60.71
Morocco,MAR,2021,60.9
Morocco,MAR,2022,61.01
Myanmar,MMR,2000,58.38
Myanmar,MMR,2001,58.92
Myanmar,MMR,2002,59.24
Myanmar,MMR,2003,59.56
Myanmar,MMR,2004,59.86
Myanmar,MMR,2005,60.17
Myanmar,MMR,2006,60.47
Myanmar,MMR,2007,60.76
Myanmar,MMR,2008,61.06
Myanmar,MMR,2009,61.05
Myanmar,MMR,2010,61.03
Myanmar,MMR,2011,61.02
Myanmar,MMR,2012,61
Myanmar,MMR,2013,60.98
Myanmar,MMR,2014,60.96
Myanmar,MMR,2015,60.93
Myanmar,MMR,2016,60.9
Myanmar,MMR,2017,60.86
Myanmar,MMR,2018,60.82
Myanmar,MMR,2019,60.77
Myanmar,MMR,2020,60.71
Myanmar,MMR,2021,60.65
Myanmar,MMR,2022,60.61
Nepal,NPL,2000,9
Nepal,NPL,2001,11.23
Nepal,NPL,2002,12.81
Nepal,NPL,2003,14.44
Nepal,NPL,2004,16.11
Nepal,NPL,2005,17.82
Nepal,NPL,2006,19.57
Nepal,NPL,2007,21.36
Nepal,NPL,2008,23.2
Nepal,NPL,2009,25.07
Nepal,NPL,2010,26.99
Nepal,NPL,2011,28.94
Nepal,NPL,2012,30.94
Nepal,NPL,2013,32.97
Nepal,NPL,2014,35.05
Nepal,NPL,2015,37.16
Nepal,NPL,2016,39.31
Nepal,NPL,2017,41.5
Nepal,NPL,2018,43.72
Nepal,NPL,2019,45.98
Nepal,NPL,2020,48.28
Nepal,NPL,2021,50.61
Nepal,NPL,2022,50.58
Netherlands,NLD,2000,97.44
Netherlands,NLD,2001,97.44
Netherlands,NLD,2002,97.44
Netherlands,NLD,2003,97.44
Netherlands,NLD,2004,97.45
Netherlands,NLD,2005,97.45
Netherlands,NLD,2006,97.45
Netherlands,NLD,2007,97.46
Netherlands,NLD,2008,97.46
Netherlands,NLD,2009,97.46
Netherlands,NLD,2010,97.47
Netherlands,NLD,2011,97.47
Netherlands,NLD,2012,97.47
Netherlands,NLD,2013,97.48
Netherlands,NLD,2014,97.48
Netherlands,NLD,2015,97.48
Netherlands,NLD,2016,97.49
Netherlands,NLD,2017,97.49
Netherlands,NLD,2018,97.49
Netherlands,NLD,2019,97.5
Netherlands,NLD,2020,97.5
Netherlands,NLD,2021,97.5
Netherlands,NLD,2022,97.5
New Zealand,NZL,2000,80.44
New Zealand,NZL,2001,81.02
New Zealand,NZL,2002,81.61
New Zealand,NZL,2003,82.2
New Zealand,NZL,2004,82.78
New Zealand,NZL,2005,83.37
New Zealand,NZL,2006,83.96
New Zealand,NZL,2007,84.55
New Zealand,NZL,2008,85.15
New Zealand,NZL,2009,85.74
New Zealand,NZL,2010,86.33
New Zealand,NZL,2011,86.93
New Zealand,NZL,2012,87.52
New Zealand,NZL,2013,87.58
New Zealand,NZL,2014,87.63
New Zealand,NZL,2015,87.68
New Zealand,NZL,2016,87.72
New Zealand,NZL,2017,87.76
New Zealand,NZL,2018,87.8
New Zealand,NZL,2019,87.96
New Zealand,NZL,2020,88.62
New Zealand,NZL,2021,88.68
New Zealand,NZL,2022,88.74
Niger,NER,2000,2.82
Niger,NER,2001,3.12
Niger,NER,2002,3.42
Niger,NER,2003,3.71
Niger,NER,2004,3.97
Niger,NER,2005,4.22
Niger,NER,2006,4.46
Niger,NER,2007,4.7
Niger,NER,2008,4.94
Niger,NER,2009,5.17
Niger,NER,2010,5.41
Niger,NER,2011,5.63
Niger,NER,2012,5.86
Niger,NER,2013,6.08
Niger,NER,2014,6.3
Niger,NER,2015,6.52
Niger,NER,2016,6.74
Niger,NER,2017,6.95
Niger,NER,2018,7.17
Niger,NER,2019,7.39
Niger,NER,2020,7.6
Niger,NER,2021,7.87
Niger,NER,2022,8.12
Nigeria,NGA,2000,20.72
Nigeria,NGA,2001,20.69
Nigeria,NGA,2002,21.09
Nigeria,NGA,2003,21.5
Nigeria,NGA,2004,21.92
Nigeria,NGA,2005,22.36
Nigeria,NGA,2006,22.81
Nigeria,NGA,2007,23.27
Nigeria,NGA,2008,23.75
Nigeria,NGA,2009,24.24
Nigeria,NGA,2010,24.75
Nigeria,NGA,2011,25.27
Nigeria,NGA,2012,25.8
Nigeria,NGA,2013,26.35
Nigeria,NGA,2014,26.92
Nigeria,NGA,2015,27.5
Nigeria,NGA,2016,28.09
Nigeria,NGA,2017,28.7
Nigeria,NGA,2018,29.33
Nigeria,NGA,2019,29.96
Nigeria,NGA,2020,30.62
Nigeria,NGA,2021,31.29
Nigeria,NGA,2022,31.97
North Macedonia,MKD,2000,12.9
North Macedonia,MKD,2001,12.92
North Macedonia,MKD,2002,12.93
North Macedonia,MKD,2003,12.95
North Macedonia,MKD,2004,12.96
North Macedonia,MKD,2005,12.93
North Macedonia,MKD,2006,12.9
North Macedonia,MKD,2007,12.86
North Macedonia,MKD,2008,12.82
North Macedonia,MKD,2009,12.78
North Macedonia,MKD,2010,12.74
North Macedonia,MKD,2011,12.7
North Macedonia,MKD,2012,12.65
North Macedonia,MKD,2013,12.6
North Macedonia,MKD,2014,12.54
North Macedonia,MKD,2015,12.49
North Macedonia,MKD,2016,12.42
North Macedonia,MKD,2017,12.36
North Macedonia,MKD,2018,12.21
North Macedonia,MKD,2019,12.19
North Macedonia,MKD,2020,12.2
North Macedonia,MKD,2021,12.21
North Macedonia,MKD,2022,12.18
Northern Africa (UN),,2000,43.55
Northern Africa (UN),,2001,43.61
Northern Africa (UN),,2002,43.7
Northern Africa (UN),,2003,43.81
Northern Africa (UN),,2004,44.31
Northern Africa (UN),,2005,44.87
Northern Africa (UN),,2006,45.43
Northern Africa (UN),,2007,45.99
Northern Africa (UN),,2008,46.55
Northern Africa (UN),,2009,47.11
Northern Africa (UN),,2010,47.7
Northern Africa (UN),,2011,48.38
Northern Africa (UN),,2012,49.01
Northern Africa (UN),,2013,49.59
Northern Africa (UN),,2014,50.14
Northern Africa (UN),,2015,50.68
Northern Africa (UN),,2016,51.21
Northern Africa (UN),,2017,51.6
Northern Africa (UN),,2018,52.02
Northern Africa (UN),,2019,52.51
Northern Africa (UN),,2020,53.01
Northern Africa (UN),,2021,59.61
Northern Africa (UN),,2022,59.65
Northern America (UN),,2000,94.62
Northern America (UN),,2001,94.68
Northern America (UN),,2002,94.74
Northern America (UN),,2003,94.84
Northern America (UN),,2004,94.94
Northern America (UN),,2005,95.04
Northern America (UN),,2006,95.13
Northern America (UN),,2007,95.23
Northern America (UN),,2008,95.32
Northern America (UN),,2009,95.41
Northern America (UN),,2010,95.49
Northern America (UN),,2011,95.56
Northern America (UN),,2012,95.62
Northern America (UN),,2013,95.69
Northern America (UN),,2014,95.74
Northern America (UN),,2015,95.75
Northern America (UN),,2016,95.76
Northern America (UN),,2017,95.77
Northern America (UN),,2018,95.78
Northern America (UN),,2019,95.78
Northern America (UN),,2020,95.75
Northern America (UN),,2021,95.72
Northern America (UN),,2022,95.69
Norway,NOR,2000,76.51
Norway,NOR,2001,76.58
Norway,NOR,2002,76.64
Norway,NOR,2003,76.71
Norway,NOR,2004,76.77
Norway,NOR,2005,76.84
Norway,NOR,2006,76.91
Norway,NOR,2007,76.97
Norway,NOR,2008,77.04
Norway,NOR,2009,77.11
Norway,NOR,2010,77.18
Norway,NOR,2011,77.25
Norway,NOR,2012,77.32
Norway,NOR,2013,77.39
Norway,NOR,2014,77.47
Norway,NOR,2015,77.54
Norway,NOR,2016,77.61
Norway,NOR,2017,77.69
Norway,NOR,2018,77.76
Norway,NOR,2019,77.84
Norway,NOR,2020,77.91
Norway,NOR,2021,77.99
Norway,NOR,2022,78.07
Oceania (UN),,2000,73.64
Oceania (UN),,2001,73.49
Oceania (UN),,2002,73.33
Oceania (UN),,2003,73.21
Oceania (UN),,2004,73.08
Oceania (UN),,2005,72.98
Oceania (UN),,2006,72.9
Oceania (UN),,2007,72.86
Oceania (UN),,2008,72.84
Oceania (UN),,2009,72.82
Oceania (UN),,2010,72.77
Oceania (UN),,2011,72.7
Oceania (UN),,2012,72.65
Oceania (UN),,2013,72.62
Oceania (UN),,2014,72.59
Oceania (UN),,2015,72.57
Oceania (UN),,2016,72.58
Oceania (UN),,2017,72.59
Oceania (UN),,2018,72.61
Oceania (UN),,2019,73.03
Oceania (UN),,2020,73.02
Oceania (UN),,2021,72.89
Oceania (UN),,2022,72.81
Palestine,PSE,2000,43.82
Palestine,PSE,2001,43.93
Palestine,PSE,2002,44.04
Palestine,PSE,2003,44.14
Palestine,PSE,2004,44.44
Palestine,PSE,2005,44.79
Palestine,PSE,2006,45.66
Palestine,PSE,2007,47.14
Palestine,PSE,2008,48.62
Palestine,PSE,2009,50.11
Palestine,PSE,2010,51.6
Palestine,PSE,2011,53.11
Palestine,PSE,2012,54.63
Palestine,PSE,2013,56.16
Palestine,PSE,2014,57.69
Palestine,PSE,2015,59.23
Palestine,PSE,2016,60.78
Palestine,PSE,2017,62.33
Palestine,PSE,2018,63.89
Palestine,PSE,2019,65.45
Palestine,PSE,2020,67.02
Palestine,PSE,2021,68.6
Palestine,PSE,2022,70.11
Paraguay,PRY,2000,42.47
Paraguay,PRY,2001,43.2
Paraguay,PRY,2002,43.9
Paraguay,PRY,2003,44.56
Paraguay,PRY,2004,45.2
Paraguay,PRY,2005,45.83
Paraguay,PRY,2006,46.46
Paraguay,PRY,2007,47.08
Paraguay,PRY,2008,47.68
Paraguay,PRY,2009,48.29
Paraguay,PRY,2010,48.88
Paraguay,PRY,2011,49.47
Paraguay,PRY,2012,50.05
Paraguay,PRY,2013,50.62
Paraguay,PRY,2014,51.18
Paraguay,PRY,2015,51.73
Paraguay,PRY,2016,52.28
Paraguay,PRY,2017,52.83
Paraguay,PRY,2018,53.36
Paraguay,PRY,2019,53.88
Paraguay,PRY,2020,54.38
Paraguay,PRY,2021,54.74
Paraguay,PRY,2022,55.19
Peru,PER,2000,10.56
Peru,PER,2001,12.28
Peru,PER,2002,14.05
Peru,PER,2003,15.86
Peru,PER,2004,17.71
Peru,PER,2005,19.61
Peru,PER,2006,21.56
Peru,PER,2007,23.54
Peru,PER,2008,25.56
Peru,PER,2009,27.61
Peru,PER,2010,29.69
Peru,PER,2011,31.82
Peru,PER,2012,33.98
Peru,PER,2013,36.18
Peru,PER,2014,38.42
Peru,PER,2015,40.7
Peru,PER,2016,43.01
Peru,PER,2017,45.36
Peru,PER,2018,47.75
Peru,PER,2019,50.17
Peru,PER,2020,52.64
Peru,PER,2021,55.13
Peru,PER,2022,57.67
Philippines,PHL,2000,45.46
Philippines,PHL,2001,45.83
Philippines,PHL,2002,46.2
Philippines,PHL,2003,46.57
Philippines,PHL,2004,46.94
Philippines,PHL,2005,47.31
Philippines,PHL,2006,47.68
Philippines,PHL,2007,48.49
Philippines,PHL,2008,49.3
Philippines,PHL,2009,50.13
Philippines,PHL,2010,50.96
Philippines,PHL,2011,51.89
Philippines,PHL,2012,52.85
Philippines,PHL,2013,53.81
Philippines,PHL,2014,54.78
Philippines,PHL,2015,55.76
Philippines,PHL,2016,56.74
Philippines,PHL,2017,57.73
Philippines,PHL,2018,58.72
Philippines,PHL,2019,59.72
Philippines,PHL,2020,60.72
Philippines,PHL,2021,61.73
Philippines,PHL,2022,62.73
Poland,POL,2000,86.01
Poland,POL,2001,86.68
Poland,POL,2002,87.35
Poland,POL,2003,88
Poland,POL,2004,88.67
Poland,POL,2005,89.35
Poland,POL,2006,90.03
Poland,POL,2007,90.71
Poland,POL,2008,91.4
Poland,POL,2009,92.09
Poland,POL,2010,92.79
Poland,POL,2011,93.49
Poland,POL,2012,94.19
Poland,POL,2013,94.9
Poland,POL,2014,95.61
Poland,POL,2015,96.33
Poland,POL,2016,97.05
Poland,POL,2017,97.5
Poland,POL,2018,97.7
Poland,POL,2019,97.75
Poland,POL,2020,97.8
Poland,POL,2021,97.86
Poland,POL,2022,97.92
Portugal,PRT,2000,53.62
Portugal,PRT,2001,53.75
Portugal,PRT,2002,53.88
Portugal,PRT,2003,54.01
Portugal,PRT,2004,56.02
Portugal,PRT,2005,58.1
Portugal,PRT,2006,60.25
Portugal,PRT,2007,62.48
Portugal,PRT,2008,64.77
Portugal,PRT,2009,67.13
Portugal,PRT,2010,69.55
Portugal,PRT,2011,72.03
Portugal,PRT,2012,74.58
Portugal,PRT,2013,77.19
Portugal,PRT,2014,79.85
Portugal,PRT,2015,82.57
Portugal,PRT,2016,85.35
Portugal,PRT,2017,88.18
Portugal,PRT,2018,90.84
Portugal,PRT,2019,91.32
Portugal,PRT,2020,91.77
Portugal,PRT,2021,92.19
Portugal,PRT,2022,92.76
Puerto Rico,PRI,2000,32.54
Puerto Rico,PRI,2001,32.54
Puerto Rico,PRI,2002,32.53
Puerto Rico,PRI,2003,32.53
Puerto Rico,PRI,2004,32.53
Puerto Rico,PRI,2005,32.53
Puerto Rico,PRI,2006,32.53
Puerto Rico,PRI,2007,32.52
Puerto Rico,PRI,2008,32.52
Puerto Rico,PRI,2009,32.52
Puerto Rico,PRI,2010,32.52
Puerto Rico,PRI,2011,32.51
Puerto Rico,PRI,2012,32.51
Puerto Rico,PRI,2013,32.51
Puerto Rico,PRI,2014,32.51
Puerto Rico,PRI,2015,32.51
Puerto Rico,PRI,2016,32.51
Puerto Rico,PRI,2017,32.51
Puerto Rico,PRI,2018,32.51
Puerto Rico,PRI,2019,32.51
Puerto Rico,PRI,2020,32.51
Puerto Rico,PRI,2021,32.51
Puerto Rico,PRI,2022,32.51
Qatar,QAT,2000,87.57
Qatar,QAT,2001,87.57
Qatar,QAT,2002,87.57
Qatar,QAT,2003,87.57
Qatar,QAT,2004,87.57
Qatar,QAT,2005,87.57
Qatar,QAT,2006,87.57
Qatar,QAT,2007,87.57
Qatar,QAT,2008,87.57
Qatar,QAT,2009,88.46
Qatar,QAT,2010,89.35
Qatar,QAT,2011,90.23
Qatar,QAT,2012,91.12
Qatar,QAT,2013,92.01
Qatar,QAT,2014,92.9
Qatar,QAT,2015,93.79
Qatar,QAT,2016,94.68
Qatar,QAT,2017,95.57
Qatar,QAT,2018,96.46
Qatar,QAT,2019,97.35
Qatar,QAT,2020,98.24
Qatar,QAT,2021,99.13
Qatar,QAT,2022,99.94
Reunion,REU,2001,71.43
Reunion,REU,2002,71.43
Reunion,REU,2003,71.43
Reunion,REU,2004,71.43
Reunion,REU,2005,71.43
Reunion,REU,2006,71.75
Reunion,REU,2007,72.08
Reunion,REU,2008,72.41
Reunion,REU,2009,72.74
Reunion,REU,2010,73.07
Reunion,REU,2011,73.4
Reunion,REU,2012,73.73
Reunion,REU,2013,74.06
Reunion,REU,2014,74.39
Reunion,REU,2015,74.72
Reunion,REU,2016,75.05
Reunion,REU,2017,75.38
Reunion,REU,2018,75.71
Reunion,REU,2019,76.03
Reunion,REU,2020,76.36
Reunion,REU,2021,76.69
Reunion,REU,2022,76.69
Romania,ROU,2001,46.92
Romania,ROU,2002,46.9
Romania,ROU,2003,46.93
Romania,ROU,2004,48.07
Romania,ROU,2005,49.24
Romania,ROU,2006,51.17
Romania,ROU,2007,53.14
Romania,ROU,2008,55.18
Romania,ROU,2009,57.29
Romania,ROU,2010,59.48
Romania,ROU,2011,61.74
Romania,ROU,2012,64.04
Romania,ROU,2013,66.41
Romania,ROU,2014,68.86
Romania,ROU,2015,71.4
Romania,ROU,2016,74.03
Romania,ROU,2017,76.74
Romania,ROU,2018,79.55
Romania,ROU,2019,82.11
Romania,ROU,2020,84.52
Romania,ROU,2021,86.97
Romania,ROU,2022,87.58
Russia,RUS,2000,55.42
Russia,RUS,2001,55.68
Russia,RUS,2002,55.95
Russia,RUS,2003,56.22
Russia,RUS,2004,56.5
Russia,RUS,2005,56.77
Russia,RUS,2006,57.05
Russia,RUS,2007,57.33
Russia,RUS,2008,57.61
Russia,RUS,2009,57.88
Russia,RUS,2010,58.16
Russia,RUS,2011,58.44
Russia,RUS,2012,58.73
Russia,RUS,2013,59.01
Russia,RUS,2014,59.3
Russia,RUS,2015,59.59
Russia,RUS,2016,59.88
Russia,RUS,2017,60.17
Russia,RUS,2018,60.47
Russia,RUS,2019,60.76
Russia,RUS,2020,60.91
Russia,RUS,2021,61.06
Russia,RUS,2022,61.2
Samoa,WSM,2000,47.94
Samoa,WSM,2001,47.93
Samoa,WSM,2002,47.94
Samoa,WSM,2003,47.96
Samoa,WSM,2004,47.98
Samoa,WSM,2005,48.21
Samoa,WSM,2006,48.44
Samoa,WSM,2007,48.68
Samoa,WSM,2008,48.84
Samoa,WSM,2009,49
Samoa,WSM,2010,49.17
Samoa,WSM,2011,49.12
Samoa,WSM,2012,48.56
Samoa,WSM,2013,48
Samoa,WSM,2014,47.44
Samoa,WSM,2015,46.86
Samoa,WSM,2016,46.29
Samoa,WSM,2017,45.71
Samoa,WSM,2018,45.13
Samoa,WSM,2019,44.54
Samoa,WSM,2020,44
Samoa,WSM,2021,43.47
Samoa,WSM,2022,42.93
San Marino,SMR,2000,90.19
San Marino,SMR,2001,90.19
San Marino,SMR,2002,90.19
San Marino,SMR,2003,90.19
San Marino,SMR,2004,90.19
San Marino,SMR,2005,90.19
San Marino,SMR,2006,90.19
San Marino,SMR,2007,90.19
San Marino,SMR,2008,90.19
San Marino,SMR,2009,90.19
San Marino,SMR,2010,90.19
San Marino,SMR,2011,90.19
San Marino,SMR,2012,90.19
San Marino,SMR,2013,90.19
San Marino,SMR,2014,90.19
San Marino,SMR,2015,90.19
San Marino,SMR,2016,90.19
San Marino,SMR,2017,90.19
San Marino,SMR,2018,90.19
San Marino,SMR,2019,90.19
San Marino,SMR,2020,90.19
San Marino,SMR,2021,90.19
San Marino,SMR,2022,90.19
Sao Tome and Principe,STP,2000,13.02
Sao Tome and Principe,STP,2001,14.03
Sao Tome and Principe,STP,2002,15.07
Sao Tome and Principe,STP,2003,16.11
Sao Tome and Principe,STP,2004,17.15
Sao Tome and Principe,STP,2005,18.13
Sao Tome and Principe,STP,2006,19.11
Sao Tome and Principe,STP,2007,20.09
Sao Tome and Principe,STP,2008,21.08
Sao Tome and Principe,STP,2009,22.07
Sao Tome and Principe,STP,2010,23.06
Sao Tome and Principe,STP,2011,24.06
Sao Tome and Principe,STP,2012,25.05
Sao Tome and Principe,STP,2013,26.05
Sao Tome and Principe,STP,2014,27.04
Sao Tome and Principe,STP,2015,28.04
Sao Tome and Principe,STP,2016,29.03
Sao Tome and Principe,STP,2017,30.02
Sao Tome and Principe,STP,2018,31.01
Sao Tome and Principe,STP,2019,32
Sao Tome and Principe,STP,2020,32.99
Sao Tome and Principe,STP,2021,33.98
Sao Tome and Principe,STP,2022,34
Saudi Arabia,SAU,2000,79.15
Saudi Arabia,SAU,2001,79.19
Saudi Arabia,SAU,2002,79.23
Saudi Arabia,SAU,2003,79.26
Saudi Arabia,SAU,2004,79.3
Saudi Arabia,SAU,2005,79.33
Saudi Arabia,SAU,2006,79.37
Saudi Arabia,SAU,2007,79.4
Saudi Arabia,SAU,2008,79.44
Saudi Arabia,SAU,2009,79.47
Saudi Arabia,SAU,2010,79.51
Saudi Arabia,SAU,2011,79.54
Saudi Arabia,SAU,2012,79.57
Saudi Arabia,SAU,2013,79.61
Saudi Arabia,SAU,2014,79.64
Saudi Arabia,SAU,2015,79.68
Saudi Arabia,SAU,2016,79.71
Saudi Arabia,SAU,2017,79.75
Saudi Arabia,SAU,2018,79.78
Saudi Arabia,SAU,2019,79.82
Saudi Arabia,SAU,2020,79.85
Saudi Arabia,SAU,2021,79.89
Saudi Arabia,SAU,2022,79.92
Senegal,SEN,2000,16.25
Senegal,SEN,2001,16.64
Senegal,SEN,2002,17.06
Senegal,SEN,2003,17.48
Senegal,SEN,2004,17.91
Senegal,SEN,2005,18.34
Senegal,SEN,2006,18.76
Senegal,SEN,2007,19.18
Senegal,SEN,2008,19.6
Senegal,SEN,2009,20.01
Senegal,SEN,2010,19.63
Senegal,SEN,2011,19.2
Senegal,SEN,2012,18.74
Senegal,SEN,2013,18.24
Senegal,SEN,2014,17.7
Senegal,SEN,2015,17.12
Senegal,SEN,2016,16.51
Senegal,SEN,2017,15.85
Senegal,SEN,2018,15.16
Senegal,SEN,2019,14.44
Senegal,SEN,2020,13.68
Senegal,SEN,2021,13.87
Senegal,SEN,2022,14.06
Serbia,SRB,2000,29.22
Serbia,SRB,2001,29.18
Serbia,SRB,2002,29.15
Serbia,SRB,2003,29.11
Serbia,SRB,2004,29.07
Serbia,SRB,2005,29.02
Serbia,SRB,2006,28.88
Serbia,SRB,2007,28.73
Serbia,SRB,2008,28.58
Serbia,SRB,2009,28.42
Serbia,SRB,2010,28.26
Serbia,SRB,2011,28.09
Serbia,SRB,2012,27.86
Serbia,SRB,2013,27.62
Serbia,SRB,2014,27.38
Serbia,SRB,2015,27.14
Serbia,SRB,2016,26.89
Serbia,SRB,2017,26.63
Serbia,SRB,2018,26.37
Serbia,SRB,2019,26.11
Serbia,SRB,2020,25.82
Serbia,SRB,2021,25.53
Serbia,SRB,2022,25.39
Sierra Leone,SLE,2000,4.97
Sierra Leone,SLE,2001,5.12
Sierra Leone,SLE,2002,5.28
Sierra Leone,SLE,2003,5.43
Sierra Leone,SLE,2004,5.8
Sierra Leone,SLE,2005,6.18
Sierra Leone,SLE,2006,6.59
Sierra Leone,SLE,2007,7
Sierra Leone,SLE,2008,7.43
Sierra Leone,SLE,2009,7.88
Sierra Leone,SLE,2010,8.33
Sierra Leone,SLE,2011,8.8
Sierra Leone,SLE,2012,9.28
Sierra Leone,SLE,2013,9.77
Sierra Leone,SLE,2014,10.28
Sierra Leone,SLE,2015,10.8
Sierra Leone,SLE,2016,11.43
Sierra Leone,SLE,2017,12.06
Sierra Leone,SLE,2018,12.69
Sierra Leone,SLE,2019,13.34
Sierra Leone,SLE,2020,14
Sierra Leone,SLE,2021,14.68
Sierra Leone,SLE,2022,15.39
Singapore,SGP,2000,100
Singapore,SGP,2001,100
Singapore,SGP,2002,100
Singapore,SGP,2003,100
Singapore,SGP,2004,100
Singapore,SGP,2005,100
Singapore,SGP,2006,100
Singapore,SGP,2007,100
Singapore,SGP,2008,100
Singapore,SGP,2009,100
Singapore,SGP,2010,100
Singapore,SGP,2011,100
Singapore,SGP,2012,100
Singapore,SGP,2013,100
Singapore,SGP,2014,100
Singapore,SGP,2015,100
Singapore,SGP,2016,100
Singapore,SGP,2017,100
Singapore,SGP,2018,100
Singapore,SGP,2019,100
Singapore,SGP,2020,100
Singapore,SGP,2021,100
Singapore,SGP,2022,100
Slovakia,SVK,2000,84.74
Slovakia,SVK,2001,84.74
Slovakia,SVK,2002,84.72
Slovakia,SVK,2003,84.56
Slovakia,SVK,2004,84.38
Slovakia,SVK,2005,84.2
Slovakia,SVK,2006,84.02
Slovakia,SVK,2007,83.84
Slovakia,SVK,2008,83.66
Slovakia,SVK,2009,83.48
Slovakia,SVK,2010,83.28
Slovakia,SVK,2011,83.09
Slovakia,SVK,2012,82.9
Slovakia,SVK,2013,82.72
Slovakia,SVK,2014,82.54
Slovakia,SVK,2015,82.53
Slovakia,SVK,2016,82.52
Slovakia,SVK,2017,82.51
Slovakia,SVK,2018,82.5
Slovakia,SVK,2019,82.49
Slovakia,SVK,2020,82.49
Slovakia,SVK,2021,82.49
Slovakia,SVK,2022,82.49
Slovenia,SVN,2000,39.75
Slovenia,SVN,2001,41.92
Slovenia,SVN,2002,44.15
Slovenia,SVN,2003,46.44
Slovenia,SVN,2004,48.78
Slovenia,SVN,2005,51.19
Slovenia,SVN,2006,53.67
Slovenia,SVN,2007,56.17
Slovenia,SVN,2008,58.73
Slovenia,SVN,2009,61.48
Slovenia,SVN,2010,64.28
Slovenia,SVN,2011,67.15
Slovenia,SVN,2012,70.08
Slovenia,SVN,2013,73.07
Slovenia,SVN,2014,76.13
Slovenia,SVN,2015,79.24
Slovenia,SVN,2016,80.97
Slovenia,SVN,2017,82.01
Slovenia,SVN,2018,83.06
Slovenia,SVN,2019,83.46
Slovenia,SVN,2020,83.65
Slovenia,SVN,2021,83.83
Slovenia,SVN,2022,84.04
Small Island Developing States (SIDS),,2000,41.03
Small Island Developing States (SIDS),,2001,41.26
Small Island Developing States (SIDS),,2002,40.98
Small Island Developing States (SIDS),,2003,41.02
Small Island Developing States (SIDS),,2004,41.04
Small Island Developing States (SIDS),,2005,41.07
Small Island Developing States (SIDS),,2006,41.16
Small Island Developing States (SIDS),,2007,41.28
Small Island Developing States (SIDS),,2008,41.39
Small Island Developing States (SIDS),,2009,41.52
Small Island Developing States (SIDS),,2010,41.6
Small Island Developing States (SIDS),,2011,41.66
Small Island Developing States (SIDS),,2012,41.33
Small Island Developing States (SIDS),,2013,41.34
Small Island Developing States (SIDS),,2014,41.35
Small Island Developing States (SIDS),,2015,41.34
Small Island Developing States (SIDS),,2016,41.3
Small Island Developing States (SIDS),,2017,41.25
Small Island Developing States (SIDS),,2018,40.88
Small Island Developing States (SIDS),,2019,40.82
Small Island Developing States (SIDS),,2020,40.59
Small Island Developing States (SIDS),,2021,40.38
Small Island Developing States (SIDS),,2022,40.24
Somalia,SOM,2000,15.64
Somalia,SOM,2001,16.15
Somalia,SOM,2002,16.66
Somalia,SOM,2003,17.28
Somalia,SOM,2004,17.9
Somalia,SOM,2005,18.73
Somalia,SOM,2006,19.57
Somalia,SOM,2007,19.48
Somalia,SOM,2008,20.53
Somalia,SOM,2009,21.6
Somalia,SOM,2010,22.69
Somalia,SOM,2011,23.79
Somalia,SOM,2012,24.6
Somalia,SOM,2013,25.43
Somalia,SOM,2014,26.27
Somalia,SOM,2015,27.12
Somalia,SOM,2016,27.98
Somalia,SOM,2017,28.85
Somalia,SOM,2018,29.73
Somalia,SOM,2019,30.62
Somalia,SOM,2020,31.52
Somalia,SOM,2021,32.43
Somalia,SOM,2022,32.56
South Africa,ZAF,2000,54.61
South Africa,ZAF,2001,55.42
South Africa,ZAF,2002,56.24
South Africa,ZAF,2003,57.06
South Africa,ZAF,2004,57.88
South Africa,ZAF,2005,58.7
South Africa,ZAF,2006,59.51
South Africa,ZAF,2007,60.31
South Africa,ZAF,2008,61.11
South Africa,ZAF,2009,61.91
South Africa,ZAF,2010,62.7
South Africa,ZAF,2011,63.48
South Africa,ZAF,2012,64.26
South Africa,ZAF,2013,65.03
South Africa,ZAF,2014,65.8
South Africa,ZAF,2015,66.56
South Africa,ZAF,2016,67.31
South Africa,ZAF,2017,68.06
South Africa,ZAF,2018,68.8
South Africa,ZAF,2019,69.54
South Africa,ZAF,2020,70.27
South Africa,ZAF,2021,70.99
South Africa,ZAF,2022,71.71
South Korea,KOR,2000,87.21
South Korea,KOR,2001,87.84
South Korea,KOR,2002,88.47
South Korea,KOR,2003,89.1
South Korea,KOR,2004,89.74
South Korea,KOR,2005,90.37
South Korea,KOR,2006,91
South Korea,KOR,2007,91.64
South Korea,KOR,2008,92.27
South Korea,KOR,2009,92.91
South Korea,KOR,2010,93.54
South Korea,KOR,2011,94.18
South Korea,KOR,2012,94.82
South Korea,KOR,2013,95.46
South Korea,KOR,2014,96.11
South Korea,KOR,2015,96.76
South Korea,KOR,2016,97.41
South Korea,KOR,2017,98.06
South Korea,KOR,2018,98.63
South Korea,KOR,2019,99.19
South Korea,KOR,2020,99.48
South Korea,KOR,2021,99.46
South Korea,KOR,2022,99.45
Spain,ESP,2000,90.85
Spain,ESP,2001,90.85
Spain,ESP,2002,90.86
Spain,ESP,2003,90.86
Spain,ESP,2004,90.86
Spain,ESP,2005,90.71
Spain,ESP,2006,90.55
Spain,ESP,2007,90.47
Spain,ESP,2008,90.44
Spain,ESP,2009,90.4
Spain,ESP,2010,90.36
Spain,ESP,2011,90.33
Spain,ESP,2012,90.29
Spain,ESP,2013,90.26
Spain,ESP,2014,90.22
Spain,ESP,2015,90.18
Spain,ESP,2016,90.14
Spain,ESP,2017,90.1
Spain,ESP,2018,90.06
Spain,ESP,2019,90.01
Spain,ESP,2020,89.97
Spain,ESP,2021,89.97
Spain,ESP,2022,89.97
Sub-Saharan Africa (UN),,2000,16.92
Sub-Saharan Africa (UN),,2001,17.2
Sub-Saharan Africa (UN),,2002,17.52
Sub-Saharan Africa (UN),,2003,17.83
Sub-Saharan Africa (UN),,2004,18.15
Sub-Saharan Africa (UN),,2005,18.5
Sub-Saharan Africa (UN),,2006,18.87
Sub-Saharan Africa (UN),,2007,19.22
Sub-Saharan Africa (UN),,2008,19.59
Sub-Saharan Africa (UN),,2009,19.96
Sub-Saharan Africa (UN),,2010,20.31
Sub-Saharan Africa (UN),,2011,20.52
Sub-Saharan Africa (UN),,2012,20.89
Sub-Saharan Africa (UN),,2013,21.26
Sub-Saharan Africa (UN),,2014,21.64
Sub-Saharan Africa (UN),,2015,22.03
Sub-Saharan Africa (UN),,2016,22.39
Sub-Saharan Africa (UN),,2017,22.78
Sub-Saharan Africa (UN),,2018,23.09
Sub-Saharan Africa (UN),,2019,23.42
Sub-Saharan Africa (UN),,2020,23.75
Sub-Saharan Africa (UN),,2021,24.07
Sub-Saharan Africa (UN),,2022,24.35
Suriname,SUR,2000,29.47
Suriname,SUR,2001,29.71
Suriname,SUR,2002,29.95
Suriname,SUR,2003,30.19
Suriname,SUR,2004,30.43
Suriname,SUR,2005,30.12
Suriname,SUR,2006,29.81
Suriname,SUR,2007,29.5
Suriname,SUR,2008,29.18
Suriname,SUR,2009,28.86
Suriname,SUR,2010,28.53
Suriname,SUR,2011,28.2
Suriname,SUR,2012,27.87
Suriname,SUR,2013,27.53
Suriname,SUR,2014,27.19
Suriname,SUR,2015,26.83
Suriname,SUR,2016,26.47
Suriname,SUR,2017,26.11
Suriname,SUR,2018,25.74
Suriname,SUR,2019,25.36
Suriname,SUR,2020,25.18
Suriname,SUR,2021,25.17
Suriname,SUR,2022,25.16
Sweden,SWE,2000,95.02
Sweden,SWE,2001,95.04
Sweden,SWE,2002,95.06
Sweden,SWE,2003,95.08
Sweden,SWE,2004,95.1
Sweden,SWE,2005,95.12
Sweden,SWE,2006,95.14
Sweden,SWE,2007,95.16
Sweden,SWE,2008,95.19
Sweden,SWE,2009,95.21
Sweden,SWE,2010,95.23
Sweden,SWE,2011,95.26
Sweden,SWE,2012,95.29
Sweden,SWE,2013,95.32
Sweden,SWE,2014,95.35
Sweden,SWE,2015,95.38
Sweden,SWE,2016,95.41
Sweden,SWE,2017,95.44
Sweden,SWE,2018,95.46
Sweden,SWE,2019,95.49
Sweden,SWE,2020,95.52
Sweden,SWE,2021,95.55
Sweden,SWE,2022,95.56
Switzerland,CHE,2000,98.7
Switzerland,CHE,2001,98.7
Switzerland,CHE,2002,98.71
Switzerland,CHE,2003,98.71
Switzerland,CHE,2004,98.71
Switzerland,CHE,2005,98.71
Switzerland,CHE,2006,98.71
Switzerland,CHE,2007,98.71
Switzerland,CHE,2008,98.71
Switzerland,CHE,2009,98.71
Switzerland,CHE,2010,98.71
Switzerland,CHE,2011,98.81
Switzerland,CHE,2012,98.9
Switzerland,CHE,2013,98.99
Switzerland,CHE,2014,99.11
Switzerland,CHE,2015,99.23
Switzerland,CHE,2016,99.35
Switzerland,CHE,2017,99.47
Switzerland,CHE,2018,99.58
Switzerland,CHE,2019,99.7
Switzerland,CHE,2020,99.81
Switzerland,CHE,2021,99.81
Switzerland,CHE,2022,99.82
Tanzania,TZA,2000,5.77
Tanzania,TZA,2001,6.9
Tanzania,TZA,2002,8.03
Tanzania,TZA,2003,9.19
Tanzania,TZA,2004,10.3
Tanzania,TZA,2005,11.4
Tanzania,TZA,2006,12.51
Tanzania,TZA,2007,13.62
Tanzania,TZA,2008,14.73
Tanzania,TZA,2009,15.69
Tanzania,TZA,2010,16.63
Tanzania,TZA,2011,17.49
Tanzania,TZA,2012,18.31
Tanzania,TZA,2013,19.13
Tanzania,TZA,2014,19.94
Tanzania,TZA,2015,20.74
Tanzania,TZA,2016,21.54
Tanzania,TZA,2017,22.33
Tanzania,TZA,2018,23.12
Tanzania,TZA,2019,23.89
Tanzania,TZA,2020,24.91
Tanzania,TZA,2021,25.01
Tanzania,TZA,2022,25.11
Thailand,THA,2000,19.92
Thailand,THA,2001,20.05
Thailand,THA,2002,20.19
Thailand,THA,2003,20.34
Thailand,THA,2004,20.5
Thailand,THA,2005,20.83
Thailand,THA,2006,21.17
Thailand,THA,2007,21.51
Thailand,THA,2008,21.86
Thailand,THA,2009,22.21
Thailand,THA,2010,22.57
Thailand,THA,2011,22.91
Thailand,THA,2012,23.24
Thailand,THA,2013,23.58
Thailand,THA,2014,23.91
Thailand,THA,2015,24.26
Thailand,THA,2016,24.6
Thailand,THA,2017,24.94
Thailand,THA,2018,25.28
Thailand,THA,2019,25.61
Thailand,THA,2020,25.93
Thailand,THA,2021,26.26
Thailand,THA,2022,26.32
Togo,TGO,2000,3.35
Togo,TGO,2001,3.46
Togo,TGO,2002,3.57
Togo,TGO,2003,3.68
Togo,TGO,2004,3.8
Togo,TGO,2005,3.91
Togo,TGO,2006,4.02
Togo,TGO,2007,4.14
Togo,TGO,2008,4.25
Togo,TGO,2009,4.37
Togo,TGO,2010,4.49
Togo,TGO,2011,4.61
Togo,TGO,2012,4.73
Togo,TGO,2013,4.85
Togo,TGO,2014,4.98
Togo,TGO,2015,5.1
Togo,TGO,2016,5.23
Togo,TGO,2017,5.35
Togo,TGO,2018,5.48
Togo,TGO,2019,5.6
Togo,TGO,2020,5.73
Togo,TGO,2021,5.74
Togo,TGO,2022,5.76
Tonga,TON,2000,34.15
Tonga,TON,2001,34.14
Tonga,TON,2002,34.14
Tonga,TON,2003,34.14
Tonga,TON,2004,34.14
Tonga,TON,2005,34.64
Tonga,TON,2006,35.15
Tonga,TON,2007,35.65
Tonga,TON,2008,36.15
Tonga,TON,2009,36.65
Tonga,TON,2010,37.04
Tonga,TON,2011,36.57
Tonga,TON,2012,36.11
Tonga,TON,2013,35.65
Tonga,TON,2014,35.2
Tonga,TON,2015,34.74
Tonga,TON,2016,34.29
Tonga,TON,2017,33.85
Tonga,TON,2018,33.4
Tonga,TON,2019,32.95
Tonga,TON,2020,32.54
Tonga,TON,2021,32.26
Tonga,TON,2022,32.05
Tunisia,TUN,2000,54.09
Tunisia,TUN,2001,54.89
Tunisia,TUN,2002,55.92
Tunisia,TUN,2003,57.26
Tunisia,TUN,2004,58.6
Tunisia,TUN,2005,59.91
Tunisia,TUN,2006,61.25
Tunisia,TUN,2007,62.59
Tunisia,TUN,2008,63.95
Tunisia,TUN,2009,65.32
Tunisia,TUN,2010,66.71
Tunisia,TUN,2011,68.1
Tunisia,TUN,2012,69.51
Tunisia,TUN,2013,70.93
Tunisia,TUN,2014,72.36
Tunisia,TUN,2015,73.81
Tunisia,TUN,2016,75.26
Tunisia,TUN,2017,76.74
Tunisia,TUN,2018,78.22
Tunisia,TUN,2019,79.72
Tunisia,TUN,2020,80.96
Tunisia,TUN,2021,81.04
Tunisia,TUN,2022,81.13
Turkey,TUR,2000,43.24
Turkey,TUR,2001,43.22
Turkey,TUR,2002,43.69
Turkey,TUR,2003,44.14
Turkey,TUR,2004,45.83
Turkey,TUR,2005,47.54
Turkey,TUR,2006,49.27
Turkey,TUR,2007,50.75
Turkey,TUR,2008,52.29
Turkey,TUR,2009,53.88
Turkey,TUR,2010,55.52
Turkey,TUR,2011,57.21
Turkey,TUR,2012,58.96
Turkey,TUR,2013,60.76
Turkey,TUR,2014,62.62
Turkey,TUR,2015,64.53
Turkey,TUR,2016,66.49
Turkey,TUR,2017,68.51
Turkey,TUR,2018,70.58
Turkey,TUR,2019,72.7
Turkey,TUR,2020,74.88
Turkey,TUR,2021,76.77
Turkey,TUR,2022,78.69
Turks and Caicos Islands,TCA,2016,34.11
Turks and Caicos Islands,TCA,2017,34.08
Turks and Caicos Islands,TCA,2018,34.05
Turks and Caicos Islands,TCA,2019,34.02
Turks and Caicos Islands,TCA,2020,34
Turks and Caicos Islands,TCA,2021,33.97
Turks and Caicos Islands,TCA,2022,33.95
Tuvalu,TUV,2000,41.97
Tuvalu,TUV,2001,42.29
Tuvalu,TUV,2002,42.61
Tuvalu,TUV,2003,42.88
Tuvalu,TUV,2004,43.12
Tuvalu,TUV,2005,43.35
Tuvalu,TUV,2006,43.44
Tuvalu,TUV,2007,43.52
Tuvalu,TUV,2008,43.59
Tuvalu,TUV,2009,43.66
Tuvalu,TUV,2010,43.72
Tuvalu,TUV,2011,43.1
Tuvalu,TUV,2012,42.49
Tuvalu,TUV,2013,41.9
Tuvalu,TUV,2014,41.32
Tuvalu,TUV,2015,40.76
Tuvalu,TUV,2016,40.21
Tuvalu,TUV,2017,39.68
Tuvalu,TUV,2018,39.17
Tuvalu,TUV,2019,38.66
Tuvalu,TUV,2020,38.17
Tuvalu,TUV,2021,37.7
Tuvalu,TUV,2022,37.23
Uganda,UGA,2000,14.13
Uganda,UGA,2001,14.3
Uganda,UGA,2002,14.48
Uganda,UGA,2003,14.65
Uganda,UGA,2004,14.82
Uganda,UGA,2005,15
Uganda,UGA,2006,15.16
Uganda,UGA,2007,15.33
Uganda,UGA,2008,15.51
Uganda,UGA,2009,15.68
Uganda,UGA,2010,15.85
Uganda,UGA,2011,16.02
Uganda,UGA,2012,16.19
Uganda,UGA,2013,16.36
Uganda,UGA,2014,16.52
Uganda,UGA,2015,16.69
Uganda,UGA,2016,16.85
Uganda,UGA,2017,17.01
Uganda,UGA,2018,17.17
Uganda,UGA,2019,17.33
Uganda,UGA,2020,17.49
Uganda,UGA,2021,17.65
Uganda,UGA,2022,17.8
Ukraine,UKR,2000,42.33
Ukraine,UKR,2001,42.43
Ukraine,UKR,2002,42.9
Ukraine,UKR,2003,43.35
Ukraine,UKR,2004,43.83
Ukraine,UKR,2005,44.31
Ukraine,UKR,2006,44.78
Ukraine,UKR,2007,45.26
Ukraine,UKR,2008,45.73
Ukraine,UKR,2009,48.55
Ukraine,UKR,2010,51.36
Ukraine,UKR,2011,54.16
Ukraine,UKR,2012,56.94
Ukraine,UKR,2013,59.67
Ukraine,UKR,2014,62.34
Ukraine,UKR,2015,64.74
Ukraine,UKR,2016,67.15
Ukraine,UKR,2017,69.57
Ukraine,UKR,2018,71.99
Ukraine,UKR,2019,71.98
Ukraine,UKR,2020,71.96
Ukraine,UKR,2021,71.95
Ukraine,UKR,2022,71.93
United Arab Emirates,ARE,2000,98.44
United Arab Emirates,ARE,2001,98.44
United Arab Emirates,ARE,2002,98.44
United Arab Emirates,ARE,2003,98.44
United Arab Emirates,ARE,2004,98.44
United Arab Emirates,ARE,2005,98.44
United Arab Emirates,ARE,2006,98.44
United Arab Emirates,ARE,2007,98.44
United Arab Emirates,ARE,2008,98.44
United Arab Emirates,ARE,2009,98.44
United Arab Emirates,ARE,2010,98.44
United Arab Emirates,ARE,2011,98.44
United Arab Emirates,ARE,2012,98.44
United Arab Emirates,ARE,2013,98.44
United Arab Emirates,ARE,2014,98.45
United Arab Emirates,ARE,2015,98.45
United Arab Emirates,ARE,2016,98.45
United Arab Emirates,ARE,2017,98.45
United Arab Emirates,ARE,2018,98.46
United Arab Emirates,ARE,2019,98.46
United Arab Emirates,ARE,2020,98.46
United Arab Emirates,ARE,2021,98.46
United Arab Emirates,ARE,2022,98.46
United Kingdom,GBR,2000,97.74
United Kingdom,GBR,2001,97.74
United Kingdom,GBR,2002,97.76
United Kingdom,GBR,2003,97.77
United Kingdom,GBR,2004,97.79
United Kingdom,GBR,2005,97.8
United Kingdom,GBR,2006,97.82
United Kingdom,GBR,2007,97.85
United Kingdom,GBR,2008,97.87
United Kingdom,GBR,2009,97.9
United Kingdom,GBR,2010,97.92
United Kingdom,GBR,2011,97.95
United Kingdom,GBR,2012,97.97
United Kingdom,GBR,2013,97.99
United Kingdom,GBR,2014,98.01
United Kingdom,GBR,2015,98.02
United Kingdom,GBR,2016,98.04
United Kingdom,GBR,2017,98.05
United Kingdom,GBR,2018,98.06
United Kingdom,GBR,2019,98.08
United Kingdom,GBR,2020,98.09
United Kingdom,GBR,2021,98.1
United Kingdom,GBR,2022,98.12
United States,USA,2000,96.5
United States,USA,2001,96.56
United States,USA,2002,96.62
United States,USA,2003,96.68
United States,USA,2004,96.74
United States,USA,2005,96.8
United States,USA,2006,96.87
United States,USA,2007,96.93
United States,USA,2008,96.99
United States,USA,2009,97.05
United States,USA,2010,97.11
United States,USA,2011,97.14
United States,USA,2012,97.17
United States,USA,2013,97.21
United States,USA,2014,97.24
United States,USA,2015,97.22
United States,USA,2016,97.19
United States,USA,2017,97.16
United States,USA,2018,97.14
United States,USA,2019,97.11
United States,USA,2020,97.09
United States,USA,2021,97.07
United States,USA,2022,97.04
Uzbekistan,UZB,2000,74.17
Uzbekistan,UZB,2001,74.17
Uzbekistan,UZB,2002,74.15
Uzbekistan,UZB,2003,74.13
Uzbekistan,UZB,2004,74.1
Uzbekistan,UZB,2005,74.07
Uzbekistan,UZB,2006,74.04
Uzbekistan,UZB,2007,74.01
Uzbekistan,UZB,2008,73.97
Uzbekistan,UZB,2009,73.93
Uzbekistan,UZB,2010,73.89
Uzbekistan,UZB,2011,73.9
Uzbekistan,UZB,2012,73.96
Uzbekistan,UZB,2013,74.03
Uzbekistan,UZB,2014,74.09
Uzbekistan,UZB,2015,74.16
Uzbekistan,UZB,2016,74.22
Uzbekistan,UZB,2017,74.29
Uzbekistan,UZB,2018,74.35
Uzbekistan,UZB,2019,74.41
Uzbekistan,UZB,2020,74.46
Uzbekistan,UZB,2021,74.5
Uzbekistan,UZB,2022,74.54
Venezuela,VEN,2000,25.88
Venezuela,VEN,2001,25.77
Venezuela,VEN,2002,25.65
Venezuela,VEN,2003,25.54
Venezuela,VEN,2004,25.43
Venezuela,VEN,2005,25.31
Venezuela,VEN,2006,25.2
Venezuela,VEN,2007,25.09
Venezuela,VEN,2008,24.97
Venezuela,VEN,2009,24.96
Venezuela,VEN,2010,25.06
Venezuela,VEN,2011,25.2
Venezuela,VEN,2012,25.37
Venezuela,VEN,2013,25.54
Venezuela,VEN,2014,25.71
Venezuela,VEN,2015,25.88
Venezuela,VEN,2016,26.05
Venezuela,VEN,2017,26.22
Venezuela,VEN,2018,26.39
Venezuela,VEN,2019,26.56
Venezuela,VEN,2020,26.53
Venezuela,VEN,2021,26.37
Venezuela,VEN,2022,27.07
Vietnam,VNM,2000,31.72
Vietnam,VNM,2001,33.07
Vietnam,VNM,2002,33.58
Vietnam,VNM,2003,34.07
Vietnam,VNM,2004,34.56
Vietnam,VNM,2005,35.12
Vietnam,VNM,2006,35.67
Vietnam,VNM,2007,36.22
Vietnam,VNM,2008,36.77
Vietnam,VNM,2009,37.3
Vietnam,VNM,2010,37.84
Vietnam,VNM,2011,38.36
Vietnam,VNM,2012,38.88
Vietnam,VNM,2013,39.39
Vietnam,VNM,2014,39.9
Vietnam,VNM,2015,40.39
Vietnam,VNM,2016,40.88
Vietnam,VNM,2017,41.37
Vietnam,VNM,2018,41.84
Vietnam,VNM,2019,42.31
Vietnam,VNM,2020,42.77
Vietnam,VNM,2021,43.22
Vietnam,VNM,2022,43.66
World,OWID_WRL,2000,32.35
World,OWID_WRL,2001,32.76
World,OWID_WRL,2002,33.29
World,OWID_WRL,2003,34.12
World,OWID_WRL,2004,35.21
World,OWID_WRL,2005,36.28
World,OWID_WRL,2006,37.39
World,OWID_WRL,2007,38.57
World,OWID_WRL,2008,39.76
World,OWID_WRL,2009,40.98
World,OWID_WRL,2010,42.21
World,OWID_WRL,2011,43.41
World,OWID_WRL,2012,44.68
World,OWID_WRL,2013,45.97
World,OWID_WRL,2014,47.29
World,OWID_WRL,2015,48.64
World,OWID_WRL,2016,49.99
World,OWID_WRL,2017,51.34
World,OWID_WRL,2018,52.66
World,OWID_WRL,2019,53.97
World,OWID_WRL,2020,54.83
World,OWID_WRL,2021,55.85
World,OWID_WRL,2022,56.6
Yemen,YEM,2000,24.77
Yemen,YEM,2001,24.89
Yemen,YEM,2002,25.01
Yemen,YEM,2003,24.63
Yemen,YEM,2004,24.1
Yemen,YEM,2005,23.48
Yemen,YEM,2006,22.86
Yemen,YEM,2007,22.24
Yemen,YEM,2008,21.62
Yemen,YEM,2009,20.99
Yemen,YEM,2010,20.36
Yemen,YEM,2011,19.72
Yemen,YEM,2012,19.09
Yemen,YEM,2013,18.45
Yemen,YEM,2014,17.81
Yemen,YEM,2015,17.43
Yemen,YEM,2016,17.72
Yemen,YEM,2017,18.01
Yemen,YEM,2018,18.29
Yemen,YEM,2019,18.57
Yemen,YEM,2020,18.84
Yemen,YEM,2021,19.1
Yemen,YEM,2022,19.16
Zimbabwe,ZWE,2000,27.59
Zimbabwe,ZWE,2001,27.53
Zimbabwe,ZWE,2002,27.54
Zimbabwe,ZWE,2003,27.59
Zimbabwe,ZWE,2004,27.66
Zimbabwe,ZWE,2005,27.44
Zimbabwe,ZWE,2006,27.22
Zimbabwe,ZWE,2007,27
Zimbabwe,ZWE,2008,26.78
Zimbabwe,ZWE,2009,26.57
Zimbabwe,ZWE,2010,26.35
Zimbabwe,ZWE,2011,27.7
Zimbabwe,ZWE,2012,28.94
Zimbabwe,ZWE,2013,30.07
Zimbabwe,ZWE,2014,31.1
Zimbabwe,ZWE,2015,32.03
Zimbabwe,ZWE,2016,32.85
Zimbabwe,ZWE,2017,33.59
Zimbabwe,ZWE,2018,33.54
Zimbabwe,ZWE,2019,32.96
Zimbabwe,ZWE,2020,32.38
Zimbabwe,ZWE,2021,31.8
Zimbabwe,ZWE,2022,31.81